event_idx,behavior,status,issue,video_filename,start_time,duration_sec,stored_offset,calculated_offset,video_duration
0,ear,OK,None,N884A6_ch7_main_20240706060001_20240706063001.mp4,06:00:25,2.0,24.0,24.0,1800.61
1,ear,OK,None,N884A6_ch7_main_20240706060001_20240706063001.mp4,06:00:33,1.0,32.0,32.0,1800.61
2,ear,OK,None,N884A6_ch7_main_20240706060001_20240706063001.mp4,06:10:54,5.0,653.0,653.0,1800.61
3,ear,OK,None,N884A6_ch7_main_20240706060001_20240706063001.mp4,06:11:05,6.0,664.0,664.0,1800.61
4,ear,OK,None,N884A6_ch7_main_20240706060001_20240706063001.mp4,06:11:18,2.0,677.0,677.0,1800.61
5,ear,OK,None,N884A6_ch7_main_20240706060001_20240706063001.mp4,06:14:43,3.0,882.0,882.0,1800.61
6,ear,OK,None,N884A6_ch7_main_20240706060001_20240706063001.mp4,06:16:50,3.0,1009.0,1009.0,1800.61
7,ear,OK,None,N884A6_ch7_main_20240706060001_20240706063001.mp4,06:17:43,13.0,1062.0,1062.0,1800.61
8,tail,OK,None,N884A6_ch7_main_20240706060001_20240706063001.mp4,06:24:16,1.0,1455.0,1455.0,1800.61
9,ear,OK,None,N884A6_ch7_main_20240706060001_20240706063001.mp4,06:24:23,2.0,1462.0,1462.0,1800.61
10,ear,OK,None,N884A6_ch7_main_20240706060001_20240706063001.mp4,06:26:06,7.0,1565.0,1565.0,1800.61
11,ear,OK,None,N884A6_ch7_main_20240706060001_20240706063001.mp4,06:26:17,1.0,1576.0,1576.0,1800.61
12,ear,OK,None,N884A6_ch7_main_20240706063001_20240706070001.mp4,06:31:08,2.0,67.0,67.0,1800.32
13,ear,OK,None,N884A6_ch7_main_20240706063001_20240706070001.mp4,06:32:40,15.0,159.0,159.0,1800.32
14,ear,OK,None,N884A6_ch7_main_20240706063001_20240706070001.mp4,06:32:57,6.0,176.0,176.0,1800.32
15,tail,OK,None,N884A6_ch7_main_20240706063001_20240706070001.mp4,06:35:49,1.0,348.0,348.0,1800.32
16,ear,OK,None,N884A6_ch7_main_20240706063001_20240706070001.mp4,06:38:32,6.0,511.0,511.0,1800.32
17,ear,OK,None,N884A6_ch7_main_20240706063001_20240706070001.mp4,06:38:40,2.0,519.0,519.0,1800.32
18,ear,OK,None,N884A6_ch7_main_20240706063001_20240706070001.mp4,06:38:48,7.0,527.0,527.0,1800.32
19,ear,OK,None,N884A6_ch7_main_20240706063001_20240706070001.mp4,06:39:01,6.0,540.0,540.0,1800.32
20,ear,OK,None,N884A6_ch7_main_20240706063001_20240706070001.mp4,06:39:32,1.0,571.0,571.0,1800.32
21,ear,OK,None,N884A6_ch7_main_20240706063001_20240706070001.mp4,06:40:13,1.0,612.0,612.0,1800.32
22,ear,OK,None,N884A6_ch7_main_20240706063001_20240706070001.mp4,06:42:14,2.0,733.0,733.0,1800.32
23,ear,OK,None,N884A6_ch7_main_20240706063001_20240706070001.mp4,06:42:23,17.0,742.0,742.0,1800.32
24,ear,OK,None,N884A6_ch7_main_20240706063001_20240706070001.mp4,06:42:45,1.0,764.0,764.0,1800.32
25,ear,OK,None,N884A6_ch7_main_20240706063001_20240706070001.mp4,06:43:13,1.0,792.0,792.0,1800.32
26,ear,OK,None,N884A6_ch7_main_20240706063001_20240706070001.mp4,06:43:25,7.0,804.0,804.0,1800.32
27,ear,OK,None,N884A6_ch7_main_20240706063001_20240706070001.mp4,06:48:05,1.0,1084.0,1084.0,1800.32
28,ear,OK,None,N884A6_ch7_main_20240706063001_20240706070001.mp4,06:54:42,8.0,1481.0,1481.0,1800.32
29,ear,OK,None,N884A6_ch7_main_20240706063001_20240706070001.mp4,06:54:52,1.0,1491.0,1491.0,1800.32
30,ear,OK,None,N884A6_ch7_main_20240706063001_20240706070001.mp4,06:54:54,2.0,1493.0,1493.0,1800.32
31,tail,OK,None,N884A6_ch7_main_20240706063001_20240706070001.mp4,06:55:03,2.0,1502.0,1502.0,1800.32
32,ear,OK,None,N884A6_ch7_main_20240706063001_20240706070001.mp4,06:55:28,2.0,1527.0,1527.0,1800.32
33,tail,OK,None,N884A6_ch7_main_20240706063001_20240706070001.mp4,06:56:41,1.0,1600.0,1600.0,1800.32
34,ear,OK,None,N884A6_ch7_main_20240706070001_20240706073001.mp4,07:00:29,1.0,28.0,28.0,1799.27
35,ear,OK,None,N884A6_ch7_main_20240706070001_20240706073001.mp4,07:02:43,2.0,162.0,162.0,1799.27
36,ear,OK,None,N884A6_ch7_main_20240706070001_20240706073001.mp4,07:05:45,1.0,344.0,344.0,1799.27
37,ear,OK,None,N884A6_ch7_main_20240706070001_20240706073001.mp4,07:05:47,2.0,346.0,346.0,1799.27
38,ear,OK,None,N884A6_ch7_main_20240706070001_20240706073001.mp4,07:06:22,1.0,381.0,381.0,1799.27
39,ear,OK,None,N884A6_ch7_main_20240706070001_20240706073001.mp4,07:07:40,15.0,459.0,459.0,1799.27
40,ear,OK,None,N884A6_ch7_main_20240706070001_20240706073001.mp4,07:18:53,11.0,1132.0,1132.0,1799.27
41,ear,OK,None,N884A6_ch7_main_20240706070001_20240706073001.mp4,07:19:24,3.0,1163.0,1163.0,1799.27
42,ear,OK,None,N884A6_ch7_main_20240706070001_20240706073001.mp4,07:19:45,1.0,1184.0,1184.0,1799.27
43,ear,OK,None,N884A6_ch7_main_20240706070001_20240706073001.mp4,07:21:13,3.0,1272.0,1272.0,1799.27
44,tail,OK,None,N884A6_ch7_main_20240706070001_20240706073001.mp4,07:21:34,6.0,1293.0,1293.0,1799.27
45,ear,OK,None,N884A6_ch7_main_20240706070001_20240706073001.mp4,07:23:26,1.0,1405.0,1405.0,1799.27
46,ear,OK,None,N884A6_ch7_main_20240706070001_20240706073001.mp4,07:23:34,2.0,1413.0,1413.0,1799.27
47,ear,OK,None,N884A6_ch7_main_20240706070001_20240706073001.mp4,07:23:35,21.0,1414.0,1414.0,1799.27
48,ear,OK,None,N884A6_ch7_main_20240706070001_20240706073001.mp4,07:23:57,5.0,1436.0,1436.0,1799.27
49,tail,OK,None,N884A6_ch7_main_20240706070001_20240706073001.mp4,07:24:34,2.0,1473.0,1473.0,1799.27
50,ear,OK,None,N884A6_ch7_main_20240706070001_20240706073001.mp4,07:26:09,7.0,1568.0,1568.0,1799.27
51,ear,OK,None,N884A6_ch7_main_20240706070001_20240706073001.mp4,07:27:45,11.0,1664.0,1664.0,1799.27
52,ear,OK,None,N884A6_ch7_main_20240706070001_20240706073001.mp4,07:28:00,1.0,1679.0,1679.0,1799.27
53,ear,OK,None,N884A6_ch7_main_20240706070001_20240706073001.mp4,07:28:11,23.0,1690.0,1690.0,1799.27
54,tail,OK,None,N884A6_ch7_main_20240706070001_20240706073001.mp4,07:28:31,3.0,1710.0,1710.0,1799.27
55,tail,OK,None,N884A6_ch7_main_20240706073001_20240706080001.mp4,07:31:24,1.0,83.0,83.0,1800.32
56,tail,OK,None,N884A6_ch7_main_20240706073001_20240706080001.mp4,07:31:32,1.0,91.0,91.0,1800.32
57,ear,OK,None,N884A6_ch7_main_20240706073001_20240706080001.mp4,07:31:39,18.0,98.0,98.0,1800.32
58,ear,OK,None,N884A6_ch7_main_20240706073001_20240706080001.mp4,07:32:05,19.0,124.0,124.0,1800.32
59,ear,OK,None,N884A6_ch7_main_20240706073001_20240706080001.mp4,07:32:33,2.0,152.0,152.0,1800.32
60,tail,OK,None,N884A6_ch7_main_20240706073001_20240706080001.mp4,07:33:15,2.0,194.0,194.0,1800.32
61,tail,OK,None,N884A6_ch7_main_20240706073001_20240706080001.mp4,07:33:21,4.0,200.0,200.0,1800.32
62,ear,OK,None,N884A6_ch7_main_20240706073001_20240706080001.mp4,07:33:32,3.0,211.0,211.0,1800.32
63,ear,OK,None,N884A6_ch7_main_20240706073001_20240706080001.mp4,07:35:11,1.0,310.0,310.0,1800.32
64,ear,OK,None,N884A6_ch7_main_20240706073001_20240706080001.mp4,07:35:33,1.0,332.0,332.0,1800.32
65,ear,OK,None,N884A6_ch7_main_20240706073001_20240706080001.mp4,07:35:37,2.0,336.0,336.0,1800.32
66,ear,OK,None,N884A6_ch7_main_20240706073001_20240706080001.mp4,07:36:32,8.0,391.0,391.0,1800.32
67,ear,OK,None,N884A6_ch7_main_20240706073001_20240706080001.mp4,07:36:56,3.0,415.0,415.0,1800.32
68,ear,OK,None,N884A6_ch7_main_20240706073001_20240706080001.mp4,07:41:22,7.0,681.0,681.0,1800.32
69,ear,OK,None,N884A6_ch7_main_20240706073001_20240706080001.mp4,07:41:53,3.0,712.0,712.0,1800.32
70,ear,OK,None,N884A6_ch7_main_20240706073001_20240706080001.mp4,07:42:54,9.0,773.0,773.0,1800.32
71,ear,OK,None,N884A6_ch7_main_20240706073001_20240706080001.mp4,07:43:03,2.0,782.0,782.0,1800.32
72,ear,OK,None,N884A6_ch7_main_20240706073001_20240706080001.mp4,07:43:13,3.0,792.0,792.0,1800.32
73,ear,OK,None,N884A6_ch7_main_20240706073001_20240706080001.mp4,07:43:20,9.0,799.0,799.0,1800.32
74,ear,OK,None,N884A6_ch7_main_20240706073001_20240706080001.mp4,07:44:41,8.0,880.0,880.0,1800.32
75,ear,OK,None,N884A6_ch7_main_20240706073001_20240706080001.mp4,07:45:29,3.0,928.0,928.0,1800.32
76,ear,OK,None,N884A6_ch7_main_20240706073001_20240706080001.mp4,07:45:49,4.0,948.0,948.0,1800.32
77,ear,OK,None,N884A6_ch7_main_20240706073001_20240706080001.mp4,07:46:27,4.0,986.0,986.0,1800.32
78,ear,OK,None,N884A6_ch7_main_20240706073001_20240706080001.mp4,07:46:51,6.0,1010.0,1010.0,1800.32
79,ear,OK,None,N884A6_ch7_main_20240706073001_20240706080001.mp4,07:46:59,4.0,1018.0,1018.0,1800.32
80,ear,OK,None,N884A6_ch7_main_20240706073001_20240706080001.mp4,07:52:06,4.0,1325.0,1325.0,1800.32
81,ear,OK,None,N884A6_ch7_main_20240706073001_20240706080001.mp4,07:53:00,2.0,1379.0,1379.0,1800.32
82,tail,OK,None,N884A6_ch7_main_20240706073001_20240706080001.mp4,07:53:59,3.0,1438.0,1438.0,1800.32
83,ear,OK,None,N884A6_ch7_main_20240706073001_20240706080001.mp4,07:56:29,1.0,1588.0,1588.0,1800.32
84,ear,OK,None,N884A6_ch7_main_20240706073001_20240706080001.mp4,07:57:00,5.0,1619.0,1619.0,1800.32
85,ear,OK,None,N884A6_ch7_main_20240706073001_20240706080001.mp4,07:57:13,29.0,1632.0,1632.0,1800.32
86,ear,OK,None,N884A6_ch7_main_20240706073001_20240706080001.mp4,07:58:39,1.0,1718.0,1718.0,1800.32
87,ear,OK,None,N884A6_ch7_main_20240706073001_20240706080001.mp4,08:00:00,9.0,1799.0,1799.0,1800.32
88,ear,OK,None,N884A6_ch7_main_20240706080001_20240706083001.mp4,08:02:44,1.0,163.0,163.0,1800.22
89,ear,OK,None,N884A6_ch7_main_20240706080001_20240706083001.mp4,08:03:05,1.0,184.0,184.0,1800.22
90,ear,OK,None,N884A6_ch7_main_20240706080001_20240706083001.mp4,08:04:27,4.0,266.0,266.0,1800.22
91,ear,OK,None,N884A6_ch7_main_20240706080001_20240706083001.mp4,08:05:20,1.0,319.0,319.0,1800.22
92,ear,OK,None,N884A6_ch7_main_20240706080001_20240706083001.mp4,08:07:35,1.0,454.0,454.0,1800.22
93,ear,OK,None,N884A6_ch7_main_20240706080001_20240706083001.mp4,08:10:51,1.0,650.0,650.0,1800.22
94,ear,OK,None,N884A6_ch7_main_20240706080001_20240706083001.mp4,08:12:46,22.0,765.0,765.0,1800.22
95,ear,OK,None,N884A6_ch7_main_20240706080001_20240706083001.mp4,08:16:02,1.0,961.0,961.0,1800.22
96,ear,OK,None,N884A6_ch7_main_20240706080001_20240706083001.mp4,08:17:00,2.0,1019.0,1019.0,1800.22
97,ear,OK,None,N884A6_ch7_main_20240706080001_20240706083001.mp4,08:17:06,1.0,1025.0,1025.0,1800.22
98,ear,OK,None,N884A6_ch7_main_20240706080001_20240706083001.mp4,08:28:59,1.0,1738.0,1738.0,1800.22
99,ear,OK,None,N884A6_ch7_main_20240706080001_20240706083001.mp4,08:29:20,3.0,1759.0,1759.0,1800.22
100,ear,OK,None,N884A6_ch7_main_20240706083001_20240706090001.mp4,08:30:27,1.0,26.0,26.0,1800.7299999999998
101,ear,OK,None,N884A6_ch7_main_20240706083001_20240706090001.mp4,08:31:35,2.0,94.0,94.0,1800.7299999999998
102,ear,OK,None,N884A6_ch7_main_20240706083001_20240706090001.mp4,08:33:05,1.0,184.0,184.0,1800.7299999999998
103,ear,OK,None,N884A6_ch7_main_20240706083001_20240706090001.mp4,08:41:57,11.0,716.0,716.0,1800.7299999999998
104,ear,OK,None,N884A6_ch7_main_20240706083001_20240706090001.mp4,08:42:42,17.0,761.0,761.0,1800.7299999999998
105,ear,OK,None,N884A6_ch7_main_20240706083001_20240706090001.mp4,08:43:03,4.0,782.0,782.0,1800.7299999999998
106,ear,OK,None,N884A6_ch7_main_20240706090001_20240706093001.mp4,09:11:06,4.0,665.0,665.0,1800.69
107,ear,OK,None,N884A6_ch7_main_20240706090001_20240706093001.mp4,09:13:24,1.0,803.0,803.0,1800.69
108,ear,OK,None,N884A6_ch7_main_20240706090001_20240706093001.mp4,09:14:31,1.0,870.0,870.0,1800.69
109,ear,OK,None,N884A6_ch7_main_20240706090001_20240706093001.mp4,09:21:39,9.0,1298.0,1298.0,1800.69
110,ear,OK,None,N884A6_ch7_main_20240706090001_20240706093001.mp4,09:22:18,3.0,1337.0,1337.0,1800.69
111,tail,OK,None,N884A6_ch7_main_20240706090001_20240706093001.mp4,09:25:52,2.0,1551.0,1551.0,1800.69
112,ear,OK,None,N884A6_ch7_main_20240706090001_20240706093001.mp4,09:28:20,3.0,1699.0,1699.0,1800.69
113,ear,OK,None,N884A6_ch7_main_20240706090001_20240706093001.mp4,09:28:28,3.0,1707.0,1707.0,1800.69
114,ear,OK,None,N884A6_ch7_main_20240706090001_20240706093001.mp4,09:29:21,2.0,1760.0,1760.0,1800.69
115,ear,OK,None,N884A6_ch7_main_20240706093001_20240706100001.mp4,09:30:24,15.0,23.0,23.0,1799.22
116,ear,OK,None,N884A6_ch7_main_20240706093001_20240706100001.mp4,09:30:47,5.0,46.0,46.0,1799.22
117,ear,OK,None,N884A6_ch7_main_20240706093001_20240706100001.mp4,09:30:53,15.0,52.0,52.0,1799.22
118,ear,OK,None,N884A6_ch7_main_20240706093001_20240706100001.mp4,09:30:55,4.0,54.0,54.0,1799.22
119,ear,OK,None,N884A6_ch7_main_20240706093001_20240706100001.mp4,09:31:00,10.0,59.0,59.0,1799.22
120,ear,OK,None,N884A6_ch7_main_20240706093001_20240706100001.mp4,09:31:16,1.0,75.0,75.0,1799.22
121,ear,OK,None,N884A6_ch7_main_20240706093001_20240706100001.mp4,09:31:35,4.0,94.0,94.0,1799.22
122,ear,OK,None,N884A6_ch7_main_20240706093001_20240706100001.mp4,09:32:18,4.0,137.0,137.0,1799.22
123,ear,OK,None,N884A6_ch7_main_20240706093001_20240706100001.mp4,09:34:23,5.0,262.0,262.0,1799.22
124,ear,OK,None,N884A6_ch7_main_20240706093001_20240706100001.mp4,09:34:58,4.0,297.0,297.0,1799.22
125,ear,OK,None,N884A6_ch7_main_20240706093001_20240706100001.mp4,09:35:06,7.0,305.0,305.0,1799.22
126,ear,OK,None,N884A6_ch7_main_20240706093001_20240706100001.mp4,09:35:51,9.0,350.0,350.0,1799.22
127,ear,OK,None,N884A6_ch7_main_20240706093001_20240706100001.mp4,09:36:04,3.0,363.0,363.0,1799.22
128,ear,OK,None,N884A6_ch7_main_20240706093001_20240706100001.mp4,09:36:08,12.0,367.0,367.0,1799.22
129,ear,OK,None,N884A6_ch7_main_20240706093001_20240706100001.mp4,09:36:25,1.0,384.0,384.0,1799.22
130,ear,OK,None,N884A6_ch7_main_20240706093001_20240706100001.mp4,09:36:28,2.0,387.0,387.0,1799.22
131,ear,OK,None,N884A6_ch7_main_20240706093001_20240706100001.mp4,09:36:36,1.0,395.0,395.0,1799.22
132,ear,OK,None,N884A6_ch7_main_20240706093001_20240706100001.mp4,09:36:52,1.0,411.0,411.0,1799.22
133,ear,OK,None,N884A6_ch7_main_20240706093001_20240706100001.mp4,09:36:54,6.0,413.0,413.0,1799.22
134,ear,OK,None,N884A6_ch7_main_20240706093001_20240706100001.mp4,09:37:14,8.0,433.0,433.0,1799.22
135,ear,OK,None,N884A6_ch7_main_20240706093001_20240706100001.mp4,09:37:53,2.0,472.0,472.0,1799.22
136,ear,OK,None,N884A6_ch7_main_20240706093001_20240706100001.mp4,09:38:04,5.0,483.0,483.0,1799.22
137,ear,OK,None,N884A6_ch7_main_20240706093001_20240706100001.mp4,09:38:13,4.0,492.0,492.0,1799.22
138,ear,OK,None,N884A6_ch7_main_20240706093001_20240706100001.mp4,09:38:26,42.0,505.0,505.0,1799.22
139,ear,OK,None,N884A6_ch7_main_20240706093001_20240706100001.mp4,09:38:31,2.0,510.0,510.0,1799.22
140,ear,OK,None,N884A6_ch7_main_20240706093001_20240706100001.mp4,09:39:52,16.0,591.0,591.0,1799.22
141,ear,OK,None,N884A6_ch7_main_20240706093001_20240706100001.mp4,09:46:49,1.0,1008.0,1008.0,1799.22
142,ear,OK,None,N884A6_ch7_main_20240706100001_20240706103001.mp4,10:01:36,26.0,95.0,95.0,1800.37
143,ear,OK,None,N884A6_ch7_main_20240706100001_20240706103001.mp4,10:02:04,1.0,123.0,123.0,1800.37
144,ear,OK,None,N884A6_ch7_main_20240706100001_20240706103001.mp4,10:02:55,6.0,174.0,174.0,1800.37
145,tail,OK,None,N884A6_ch7_main_20240706100001_20240706103001.mp4,10:06:37,6.0,396.0,396.0,1800.37
146,ear,OK,None,N884A6_ch7_main_20240706100001_20240706103001.mp4,10:19:36,5.0,1175.0,1175.0,1800.37
147,ear,OK,None,N884A6_ch7_main_20240706100001_20240706103001.mp4,10:20:00,3.0,1199.0,1199.0,1800.37
148,ear,OK,None,N884A6_ch7_main_20240706100001_20240706103001.mp4,10:22:21,3.0,1340.0,1340.0,1800.37
149,ear,OK,None,N884A6_ch7_main_20240706100001_20240706103001.mp4,10:25:45,2.0,1544.0,1544.0,1800.37
150,ear,OK,None,N884A6_ch7_main_20240706100001_20240706103001.mp4,10:28:14,3.0,1693.0,1693.0,1800.37
151,ear,OK,None,N884A6_ch7_main_20240706103001_20240706110001.mp4,10:41:57,1.0,716.0,716.0,1800.42
152,ear,OK,None,N884A6_ch7_main_20240706103001_20240706110001.mp4,10:42:02,7.0,721.0,721.0,1800.42
153,ear,OK,None,N884A6_ch7_main_20240706103001_20240706110001.mp4,10:42:39,3.0,758.0,758.0,1800.42
154,ear,OK,None,N884A6_ch7_main_20240706103001_20240706110001.mp4,10:45:06,4.0,905.0,905.0,1800.42
155,ear,OK,None,N884A6_ch7_main_20240706103001_20240706110001.mp4,10:45:34,2.0,933.0,933.0,1800.42
156,ear,OK,None,N884A6_ch7_main_20240706103001_20240706110001.mp4,10:46:23,2.0,982.0,982.0,1800.42
157,ear,OK,None,N884A6_ch7_main_20240706103001_20240706110001.mp4,10:46:26,6.0,985.0,985.0,1800.42
158,ear,OK,None,N884A6_ch7_main_20240706103001_20240706110001.mp4,10:46:32,3.0,991.0,991.0,1800.42
159,ear,OK,None,N884A6_ch7_main_20240706103001_20240706110001.mp4,10:46:44,4.0,1003.0,1003.0,1800.42
160,ear,OK,None,N884A6_ch7_main_20240706103001_20240706110001.mp4,10:46:49,1.0,1008.0,1008.0,1800.42
161,ear,OK,None,N884A6_ch7_main_20240706103001_20240706110001.mp4,10:48:50,4.0,1129.0,1129.0,1800.42
162,ear,OK,None,N884A6_ch7_main_20240706103001_20240706110001.mp4,10:49:54,4.0,1193.0,1193.0,1800.42
163,ear,OK,None,N884A6_ch7_main_20240706103001_20240706110001.mp4,10:54:18,3.0,1457.0,1457.0,1800.42
164,ear,OK,None,N884A6_ch7_main_20240706103001_20240706110001.mp4,10:56:21,4.0,1580.0,1580.0,1800.42
165,ear,OK,None,N884A6_ch7_main_20240706103001_20240706110001.mp4,10:58:42,1.0,1721.0,1721.0,1800.42
166,ear,OK,None,N884A6_ch7_main_20240706110001_20240706113001.mp4,11:00:31,1.0,30.0,30.0,1800.27
167,ear,OK,None,N884A6_ch7_main_20240706110001_20240706113001.mp4,11:01:34,8.0,93.0,93.0,1800.27
168,ear,OK,None,N884A6_ch7_main_20240706110001_20240706113001.mp4,11:04:56,14.0,295.0,295.0,1800.27
169,ear,OK,None,N884A6_ch7_main_20240706110001_20240706113001.mp4,11:04:57,4.0,296.0,296.0,1800.27
170,ear,OK,None,N884A6_ch7_main_20240706110001_20240706113001.mp4,11:07:49,6.0,468.0,468.0,1800.27
171,ear,OK,None,N884A6_ch7_main_20240706110001_20240706113001.mp4,11:08:10,5.0,489.0,489.0,1800.27
172,ear,OK,None,N884A6_ch7_main_20240706110001_20240706113001.mp4,11:09:38,28.0,577.0,577.0,1800.27
173,tail,OK,None,N884A6_ch7_main_20240706110001_20240706113001.mp4,11:10:40,6.0,639.0,639.0,1800.27
174,tail,OK,None,N884A6_ch7_main_20240706110001_20240706113001.mp4,11:10:57,1.0,656.0,656.0,1800.27
175,ear,OK,None,N884A6_ch7_main_20240706110001_20240706113001.mp4,11:12:12,1.0,731.0,731.0,1800.27
176,ear,OK,None,N884A6_ch7_main_20240706110001_20240706113001.mp4,11:12:21,25.0,740.0,740.0,1800.27
177,ear,OK,None,N884A6_ch7_main_20240706110001_20240706113001.mp4,11:12:48,2.0,767.0,767.0,1800.27
178,ear,OK,None,N884A6_ch7_main_20240706110001_20240706113001.mp4,11:13:18,4.0,797.0,797.0,1800.27
179,ear,OK,None,N884A6_ch7_main_20240706110001_20240706113001.mp4,11:14:03,3.0,842.0,842.0,1800.27
180,ear,OK,None,N884A6_ch7_main_20240706110001_20240706113001.mp4,11:14:25,1.0,864.0,864.0,1800.27
181,ear,OK,None,N884A6_ch7_main_20240706110001_20240706113001.mp4,11:14:32,40.0,871.0,871.0,1800.27
182,ear,OK,None,N884A6_ch7_main_20240706110001_20240706113001.mp4,11:15:14,63.0,913.0,913.0,1800.27
183,tail,OK,None,N884A6_ch7_main_20240706113001_20240706120001.mp4,11:43:33,2.0,812.0,812.0,1799.61
184,ear,OK,None,N884A6_ch7_main_20240706113001_20240706120001.mp4,11:46:20,2.0,979.0,979.0,1799.61
185,ear,OK,None,N884A6_ch7_main_20240706113001_20240706120001.mp4,11:52:02,10.0,1321.0,1321.0,1799.61
186,tail,OK,None,N884A6_ch7_main_20240706113001_20240706120001.mp4,11:54:19,1.0,1458.0,1458.0,1799.61
187,ear,OK,None,N884A6_ch7_main_20240706120001_20240706123001.mp4,12:06:11,2.0,370.0,370.0,1800.77
188,ear,OK,None,N884A6_ch7_main_20240706120001_20240706123001.mp4,12:07:23,1.0,442.0,442.0,1800.77
189,tail,OK,None,N884A6_ch7_main_20240706120001_20240706123001.mp4,12:13:48,4.0,827.0,827.0,1800.77
190,tail,OK,None,N884A6_ch7_main_20240706120001_20240706123001.mp4,12:13:57,10.0,836.0,836.0,1800.77
191,ear,OK,None,N884A6_ch7_main_20240706120001_20240706123001.mp4,12:15:54,9.0,953.0,953.0,1800.77
192,ear,OK,None,N884A6_ch7_main_20240706120001_20240706123001.mp4,12:19:36,1.0,1175.0,1175.0,1800.77
193,tail,OK,None,N884A6_ch7_main_20240706120001_20240706123001.mp4,12:29:12,3.0,1751.0,1751.0,1800.77
194,ear,OK,None,N884A6_ch7_main_20240706123001_20240706130001.mp4,12:30:10,4.0,9.0,9.0,1800.29
195,tail,OK,None,N884A6_ch7_main_20240706123001_20240706130001.mp4,12:31:07,1.0,66.0,66.0,1800.29
196,tail,OK,None,N884A6_ch7_main_20240706123001_20240706130001.mp4,12:31:15,1.0,74.0,74.0,1800.29
197,tail,OK,None,N884A6_ch7_main_20240706123001_20240706130001.mp4,12:34:47,1.0,286.0,286.0,1800.29
198,ear,OK,None,N884A6_ch7_main_20240706130001_20240706133001.mp4,13:16:40,1.0,999.0,999.0,1800.17
199,tail,OK,None,N884A6_ch7_main_20240706130001_20240706133001.mp4,13:19:38,3.0,1177.0,1177.0,1800.17
200,tail,OK,None,N884A6_ch7_main_20240706130001_20240706133001.mp4,13:20:14,1.0,1213.0,1213.0,1800.17
201,ear,OK,None,N884A6_ch7_main_20240706130001_20240706133001.mp4,13:21:02,1.0,1261.0,1261.0,1800.17
202,ear,OK,None,N884A6_ch7_main_20240706130001_20240706133001.mp4,13:21:23,1.0,1282.0,1282.0,1800.17
203,ear,OK,None,N884A6_ch7_main_20240706130001_20240706133001.mp4,13:24:01,2.0,1440.0,1440.0,1800.17
204,ear,OK,None,N884A6_ch7_main_20240706133001_20240706140001.mp4,13:33:37,41.0,216.0,216.0,1798.82
205,ear,OK,None,N884A6_ch7_main_20240706133001_20240706140001.mp4,13:34:30,4.0,269.0,269.0,1798.82
206,ear,OK,None,N884A6_ch7_main_20240706133001_20240706140001.mp4,13:34:48,2.0,287.0,287.0,1798.82
207,ear,OK,None,N884A6_ch7_main_20240706133001_20240706140001.mp4,13:34:58,12.0,297.0,297.0,1798.82
208,ear,OK,None,N884A6_ch7_main_20240706133001_20240706140001.mp4,13:38:25,10.0,504.0,504.0,1798.82
209,ear,OK,None,N884A6_ch7_main_20240706133001_20240706140001.mp4,13:38:35,5.0,514.0,514.0,1798.82
210,ear,OK,None,N884A6_ch7_main_20240706133001_20240706140001.mp4,13:38:41,48.0,520.0,520.0,1798.82
211,ear,OK,None,N884A6_ch7_main_20240706133001_20240706140001.mp4,13:41:00,1.0,659.0,659.0,1798.82
212,tail,OK,None,N884A6_ch7_main_20240706133001_20240706140001.mp4,13:42:47,16.0,766.0,766.0,1798.82
213,tail,OK,None,N884A6_ch7_main_20240706133001_20240706140001.mp4,13:43:10,8.0,789.0,789.0,1798.82
214,ear,OK,None,N884A6_ch7_main_20240706133001_20240706140001.mp4,13:49:34,9.0,1173.0,1173.0,1798.82
215,ear,OK,None,N884A6_ch7_main_20240706133001_20240706140001.mp4,13:49:58,3.0,1197.0,1197.0,1798.82
216,ear,OK,None,N884A6_ch7_main_20240706133001_20240706140001.mp4,13:51:46,1.0,1305.0,1305.0,1798.82
217,tail,OK,None,N884A6_ch7_main_20240706133001_20240706140001.mp4,13:57:05,2.0,1624.0,1624.0,1798.82
218,ear,OK,None,N884A6_ch7_main_20240706140001_20240706143001.mp4,14:02:50,2.0,169.0,169.0,1800.7099999999998
219,ear,OK,None,N884A6_ch7_main_20240706140001_20240706143001.mp4,14:06:34,3.0,393.0,393.0,1800.7099999999998
220,ear,OK,None,N884A6_ch7_main_20240706140001_20240706143001.mp4,14:18:47,3.0,1126.0,1126.0,1800.7099999999998
221,ear,OK,None,N884A6_ch7_main_20240706143001_20240706150001.mp4,14:51:04,1.0,1263.0,1263.0,1800.61
222,ear,OK,None,N884A6_ch7_main_20240706143001_20240706150001.mp4,14:56:28,8.0,1587.0,1587.0,1800.61
223,ear,OK,None,N884A6_ch7_main_20240706150001_20240706153001.mp4,15:03:33,4.0,212.0,212.0,1800.52
224,ear,OK,None,N884A6_ch7_main_20240706150001_20240706153001.mp4,15:03:40,7.0,219.0,219.0,1800.52
225,tail,OK,None,N884A6_ch7_main_20240706150001_20240706153001.mp4,15:04:10,6.0,249.0,249.0,1800.52
226,tail,OK,None,N884A6_ch7_main_20240706150001_20240706153001.mp4,15:12:32,3.0,751.0,751.0,1800.52
227,tail,OK,None,N884A6_ch7_main_20240706150001_20240706153001.mp4,15:12:37,3.0,756.0,756.0,1800.52
228,tail,OK,None,N884A6_ch7_main_20240706150001_20240706153001.mp4,15:12:44,3.0,763.0,763.0,1800.52
229,tail,OK,None,N884A6_ch7_main_20240706150001_20240706153001.mp4,15:12:49,11.0,768.0,768.0,1800.52
230,tail,OK,None,N884A6_ch7_main_20240706150001_20240706153001.mp4,15:13:05,1.0,784.0,784.0,1800.52
231,tail,OK,None,N884A6_ch7_main_20240706150001_20240706153001.mp4,15:13:09,1.0,788.0,788.0,1800.52
232,ear,OK,None,N884A6_ch7_main_20240706150001_20240706153001.mp4,15:20:38,5.0,1237.0,1237.0,1800.52
233,ear,OK,None,N884A6_ch7_main_20240706150001_20240706153001.mp4,15:21:29,8.0,1288.0,1288.0,1800.52
234,ear,OK,None,N884A6_ch7_main_20240706150001_20240706153001.mp4,15:22:09,1.0,1328.0,1328.0,1800.52
235,ear,OK,None,N884A6_ch7_main_20240706150001_20240706153001.mp4,15:22:12,1.0,1331.0,1331.0,1800.52
236,ear,OK,None,N884A6_ch7_main_20240706150001_20240706153001.mp4,15:22:15,3.0,1334.0,1334.0,1800.52
237,ear,OK,None,N884A6_ch7_main_20240706150001_20240706153001.mp4,15:23:14,6.0,1393.0,1393.0,1800.52
238,ear,OK,None,N884A6_ch7_main_20240706150001_20240706153001.mp4,15:23:22,6.0,1401.0,1401.0,1800.52
239,ear,OK,None,N884A6_ch7_main_20240706150001_20240706153001.mp4,15:23:33,18.0,1412.0,1412.0,1800.52
240,ear,OK,None,N884A6_ch7_main_20240706150001_20240706153001.mp4,15:23:53,6.0,1432.0,1432.0,1800.52
241,ear,OK,None,N884A6_ch7_main_20240706150001_20240706153001.mp4,15:24:00,29.0,1439.0,1439.0,1800.52
242,ear,OK,None,N884A6_ch7_main_20240706150001_20240706153001.mp4,15:24:32,2.0,1471.0,1471.0,1800.52
243,tail,OK,None,N884A6_ch7_main_20240706150001_20240706153001.mp4,15:27:19,1.0,1638.0,1638.0,1800.52
244,tail,OK,None,N884A6_ch7_main_20240706150001_20240706153001.mp4,15:27:34,1.0,1653.0,1653.0,1800.52
245,ear,OK,None,N884A6_ch7_main_20240706150001_20240706153001.mp4,15:28:27,11.0,1706.0,1706.0,1800.52
246,ear,OK,None,N884A6_ch7_main_20240706150001_20240706153001.mp4,15:28:46,3.0,1725.0,1725.0,1800.52
247,ear,OK,None,N884A6_ch7_main_20240706150001_20240706153001.mp4,15:29:20,32.0,1759.0,1759.0,1800.52
248,ear,OK,None,N884A6_ch7_main_20240706150001_20240706153001.mp4,15:29:54,8.0,1793.0,1793.0,1800.52
249,ear,OK,None,N884A6_ch7_main_20240706153001_20240706160001.mp4,15:30:27,1.0,26.0,26.0,1800.42
250,ear,OK,None,N884A6_ch7_main_20240706153001_20240706160001.mp4,15:30:51,2.0,50.0,50.0,1800.42
251,ear,OK,None,N884A6_ch7_main_20240706153001_20240706160001.mp4,15:30:59,3.0,58.0,58.0,1800.42
252,ear,OK,None,N884A6_ch7_main_20240706153001_20240706160001.mp4,15:35:52,26.0,351.0,351.0,1800.42
253,ear,OK,None,N884A6_ch7_main_20240706153001_20240706160001.mp4,15:37:18,3.0,437.0,437.0,1800.42
254,ear,OK,None,N884A6_ch7_main_20240706153001_20240706160001.mp4,15:37:22,24.0,441.0,441.0,1800.42
255,ear,OK,None,N884A6_ch7_main_20240706153001_20240706160001.mp4,15:37:51,2.0,470.0,470.0,1800.42
256,ear,OK,None,N884A6_ch7_main_20240706153001_20240706160001.mp4,15:38:09,3.0,488.0,488.0,1800.42
257,ear,OK,None,N884A6_ch7_main_20240706153001_20240706160001.mp4,15:38:14,3.0,493.0,493.0,1800.42
258,ear,OK,None,N884A6_ch7_main_20240706153001_20240706160001.mp4,15:39:28,1.0,567.0,567.0,1800.42
259,ear,OK,None,N884A6_ch7_main_20240706153001_20240706160001.mp4,15:39:45,2.0,584.0,584.0,1800.42
260,ear,OK,None,N884A6_ch7_main_20240706153001_20240706160001.mp4,15:41:19,1.0,678.0,678.0,1800.42
261,ear,OK,None,N884A6_ch7_main_20240706153001_20240706160001.mp4,15:44:36,6.0,875.0,875.0,1800.42
262,ear,OK,None,N884A6_ch7_main_20240706153001_20240706160001.mp4,15:44:54,1.0,893.0,893.0,1800.42
263,ear,OK,None,N884A6_ch7_main_20240706153001_20240706160001.mp4,15:45:07,1.0,906.0,906.0,1800.42
264,ear,OK,None,N884A6_ch7_main_20240706153001_20240706160001.mp4,15:48:15,10.0,1094.0,1094.0,1800.42
265,ear,OK,None,N884A6_ch7_main_20240706153001_20240706160001.mp4,15:48:18,5.0,1097.0,1097.0,1800.42
266,ear,OK,None,N884A6_ch7_main_20240706153001_20240706160001.mp4,15:49:16,2.0,1155.0,1155.0,1800.42
267,ear,OK,None,N884A6_ch7_main_20240706153001_20240706160001.mp4,15:50:12,3.0,1211.0,1211.0,1800.42
268,ear,OK,None,N884A6_ch7_main_20240706153001_20240706160001.mp4,15:50:36,1.0,1235.0,1235.0,1800.42
269,ear,OK,None,N884A6_ch7_main_20240706153001_20240706160001.mp4,15:55:17,64.0,1516.0,1516.0,1800.42
270,ear,OK,None,N884A6_ch7_main_20240706160001_20240706163001.mp4,16:06:17,3.0,376.0,376.0,1799.32
271,tail,OK,None,N884A6_ch7_main_20240706160001_20240706163001.mp4,16:18:12,34.0,1091.0,1091.0,1799.32
272,ear,OK,None,N884A6_ch7_main_20240706160001_20240706163001.mp4,16:21:12,2.0,1271.0,1271.0,1799.32
273,tail,OK,None,N884A6_ch7_main_20240706163001_20240706170001.mp4,16:35:17,1.0,316.0,316.0,1800.02
274,ear,OK,None,N884A6_ch7_main_20240706163001_20240706170001.mp4,16:35:30,18.0,329.0,329.0,1800.02
275,ear,OK,None,N884A6_ch7_main_20240706163001_20240706170001.mp4,16:35:58,4.0,357.0,357.0,1800.02
276,ear,OK,None,N884A6_ch7_main_20240706163001_20240706170001.mp4,16:36:05,7.0,364.0,364.0,1800.02
277,ear,OK,None,N884A6_ch7_main_20240706163001_20240706170001.mp4,16:36:30,5.0,389.0,389.0,1800.02
278,ear,OK,None,N884A6_ch7_main_20240706163001_20240706170001.mp4,16:44:31,9.0,870.0,870.0,1800.02
279,ear,OK,None,N884A6_ch7_main_20240706163001_20240706170001.mp4,16:44:50,8.0,889.0,889.0,1800.02
280,tail,OK,None,N884A6_ch7_main_20240706163001_20240706170001.mp4,16:46:21,1.0,980.0,980.0,1800.02
281,tail,OK,None,N884A6_ch7_main_20240706163001_20240706170001.mp4,16:46:24,1.0,983.0,983.0,1800.02
282,tail,OK,None,N884A6_ch7_main_20240706163001_20240706170001.mp4,16:46:29,3.0,988.0,988.0,1800.02
283,tail,OK,None,N884A6_ch7_main_20240706163001_20240706170001.mp4,16:46:37,2.0,996.0,996.0,1800.02
284,tail,OK,None,N884A6_ch7_main_20240706163001_20240706170001.mp4,16:48:09,18.0,1088.0,1088.0,1800.02
285,tail,OK,None,N884A6_ch7_main_20240706163001_20240706170001.mp4,16:49:03,1.0,1142.0,1142.0,1800.02
286,ear,OK,None,N884A6_ch7_main_20240706163001_20240706170001.mp4,16:52:39,7.0,1358.0,1358.0,1800.02
287,ear,OK,None,N884A6_ch7_main_20240706163001_20240706170001.mp4,16:52:48,2.0,1367.0,1367.0,1800.02
288,ear,OK,None,N884A6_ch7_main_20240706163001_20240706170001.mp4,16:54:24,2.0,1463.0,1463.0,1800.02
289,ear,OK,None,N884A6_ch7_main_20240706163001_20240706170001.mp4,16:57:22,11.0,1641.0,1641.0,1800.02
290,ear,OK,None,N884A6_ch7_main_20240706170001_20240706173001.mp4,17:05:45,1.0,344.0,344.0,1800.4199999999998
291,tail,OK,None,N884A6_ch7_main_20240706170001_20240706173001.mp4,17:06:22,1.0,381.0,381.0,1800.4199999999998
292,ear,OK,None,N884A6_ch7_main_20240706170001_20240706173001.mp4,17:20:22,19.0,1221.0,1221.0,1800.4199999999998
293,ear,OK,None,N884A6_ch7_main_20240706170001_20240706173001.mp4,17:20:47,13.0,1246.0,1246.0,1800.4199999999998
294,ear,OK,None,N884A6_ch7_main_20240706170001_20240706173001.mp4,17:21:58,5.0,1317.0,1317.0,1800.4199999999998
295,ear,OK,None,N884A6_ch7_main_20240706170001_20240706173001.mp4,17:22:05,8.0,1324.0,1324.0,1800.4199999999998
296,ear,OK,None,N884A6_ch7_main_20240706170001_20240706173001.mp4,17:22:25,1.0,1344.0,1344.0,1800.4199999999998
297,ear,OK,None,N884A6_ch7_main_20240706170001_20240706173001.mp4,17:22:36,1.0,1355.0,1355.0,1800.4199999999998
298,tail,OK,None,N884A6_ch7_main_20240706170001_20240706173001.mp4,17:22:53,7.0,1372.0,1372.0,1800.4199999999998
299,ear,OK,None,N884A6_ch7_main_20240706170001_20240706173001.mp4,17:24:27,1.0,1466.0,1466.0,1800.4199999999998
300,ear,OK,None,N884A6_ch7_main_20240706173001_20240706180001.mp4,17:33:27,4.0,206.0,206.0,1800.5900000000001
301,ear,OK,None,N884A6_ch7_main_20240706173001_20240706180001.mp4,17:33:48,4.0,227.0,227.0,1800.5900000000001
302,ear,OK,None,N884A6_ch7_main_20240706173001_20240706180001.mp4,17:34:06,26.0,245.0,245.0,1800.5900000000001
303,ear,OK,None,N884A6_ch7_main_20240706173001_20240706180001.mp4,17:34:35,3.0,274.0,274.0,1800.5900000000001
304,ear,OK,None,N884A6_ch7_main_20240706173001_20240706180001.mp4,17:38:55,6.0,534.0,534.0,1800.5900000000001
305,ear,OK,None,N884A6_ch7_main_20240706173001_20240706180001.mp4,17:41:12,1.0,671.0,671.0,1800.5900000000001
306,ear,OK,None,N884A6_ch7_main_20240706173001_20240706180001.mp4,17:44:07,1.0,846.0,846.0,1800.5900000000001
307,ear,OK,None,N884A6_ch7_main_20240706173001_20240706180001.mp4,17:45:27,1.0,926.0,926.0,1800.5900000000001
308,ear,OK,None,N884A6_ch7_main_20240706173001_20240706180001.mp4,17:45:29,1.0,928.0,928.0,1800.5900000000001
309,ear,OK,None,N884A6_ch7_main_20240706173001_20240706180001.mp4,17:45:33,2.0,932.0,932.0,1800.5900000000001
310,ear,OK,None,N884A6_ch7_main_20240706173001_20240706180001.mp4,17:46:01,5.0,960.0,960.0,1800.5900000000001
311,ear,OK,None,N884A6_ch7_main_20240706173001_20240706180001.mp4,17:51:45,5.0,1304.0,1304.0,1800.5900000000001
312,ear,OK,None,N884A6_ch7_main_20240706173001_20240706180001.mp4,17:54:15,2.0,1454.0,1454.0,1800.5900000000001
313,ear,OK,None,N884A6_ch7_main_20240706173001_20240706180001.mp4,17:54:37,2.0,1476.0,1476.0,1800.5900000000001
314,ear,OK,None,N884A6_ch7_main_20240706173001_20240706180001.mp4,17:54:53,1.0,1492.0,1492.0,1800.5900000000001
315,ear,OK,None,N884A6_ch7_main_20240706173001_20240706180001.mp4,17:58:12,16.0,1691.0,1691.0,1800.5900000000001
316,teat,OK,None,N884A6_ch7_main_20240709060000_20240709063000.mp4,06:02:07,3.0,127.0,127.0,1800.85
317,tail,OK,None,N884A6_ch7_main_20240709060000_20240709063000.mp4,06:04:21,1.0,261.0,261.0,1800.85
318,tail,OK,None,N884A6_ch7_main_20240709060000_20240709063000.mp4,06:04:22,2.0,262.0,262.0,1800.85
319,ear,OK,None,N884A6_ch7_main_20240709060000_20240709063000.mp4,06:05:23,8.0,323.0,323.0,1800.85
320,tail,OK,None,N884A6_ch7_main_20240709060000_20240709063000.mp4,06:05:36,1.0,336.0,336.0,1800.85
321,ear,OK,None,N884A6_ch7_main_20240709060000_20240709063000.mp4,06:05:36,3.0,336.0,336.0,1800.85
322,ear,OK,None,N884A6_ch7_main_20240709060000_20240709063000.mp4,06:07:29,1.0,449.0,449.0,1800.85
323,ear,OK,None,N884A6_ch7_main_20240709060000_20240709063000.mp4,06:07:51,1.0,471.0,471.0,1800.85
324,ear,OK,None,N884A6_ch7_main_20240709060000_20240709063000.mp4,06:15:03,1.0,903.0,903.0,1800.85
325,ear,OK,None,N884A6_ch7_main_20240709060000_20240709063000.mp4,06:18:53,2.0,1133.0,1133.0,1800.85
326,ear,OK,None,N884A6_ch7_main_20240709060000_20240709063000.mp4,06:20:20,10.0,1220.0,1220.0,1800.85
327,ear,OK,None,N884A6_ch7_main_20240709060000_20240709063000.mp4,06:20:34,3.0,1234.0,1234.0,1800.85
328,ear,OK,None,N884A6_ch7_main_20240709060000_20240709063000.mp4,06:20:39,3.0,1239.0,1239.0,1800.85
329,ear,OK,None,N884A6_ch7_main_20240709060000_20240709063000.mp4,06:20:45,4.0,1245.0,1245.0,1800.85
330,ear,OK,None,N884A6_ch7_main_20240709060000_20240709063000.mp4,06:20:50,3.0,1250.0,1250.0,1800.85
331,ear,OK,None,N884A6_ch7_main_20240709060000_20240709063000.mp4,06:27:01,1.0,1621.0,1621.0,1800.85
332,teat,OK,None,N884A6_ch7_main_20240709060000_20240709063000.mp4,06:28:59,49.0,1739.0,1739.0,1800.85
333,teat,OK,None,N884A6_ch7_main_20240709060000_20240709063000.mp4,06:30:00,58.0,1800.0,1800.0,1800.85
334,tail,OK,None,N884A6_ch7_main_20240709063000_20240709070000.mp4,06:31:09,4.0,69.0,69.0,1800.27
335,ear,OK,None,N884A6_ch7_main_20240709063000_20240709070000.mp4,06:41:09,2.0,669.0,669.0,1800.27
336,ear,OK,None,N884A6_ch7_main_20240709063000_20240709070000.mp4,06:41:18,5.0,678.0,678.0,1800.27
337,ear,OK,None,N884A6_ch7_main_20240709063000_20240709070000.mp4,06:42:00,14.0,720.0,720.0,1800.27
338,ear,OK,None,N884A6_ch7_main_20240709063000_20240709070000.mp4,06:42:27,13.0,747.0,747.0,1800.27
339,ear,OK,None,N884A6_ch7_main_20240709063000_20240709070000.mp4,06:42:43,26.0,763.0,763.0,1800.27
340,ear,OK,None,N884A6_ch7_main_20240709063000_20240709070000.mp4,06:43:16,1.0,796.0,796.0,1800.27
341,ear,OK,None,N884A6_ch7_main_20240709063000_20240709070000.mp4,06:43:18,5.0,798.0,798.0,1800.27
342,ear,OK,None,N884A6_ch7_main_20240709063000_20240709070000.mp4,06:43:28,1.0,808.0,808.0,1800.27
343,ear,OK,None,N884A6_ch7_main_20240709063000_20240709070000.mp4,06:43:30,15.0,810.0,810.0,1800.27
344,ear,OK,None,N884A6_ch7_main_20240709063000_20240709070000.mp4,06:43:49,1.0,829.0,829.0,1800.27
345,ear,OK,None,N884A6_ch7_main_20240709063000_20240709070000.mp4,06:44:01,4.0,841.0,841.0,1800.27
346,ear,OK,None,N884A6_ch7_main_20240709063000_20240709070000.mp4,06:44:15,13.0,855.0,855.0,1800.27
347,ear,OK,None,N884A6_ch7_main_20240709063000_20240709070000.mp4,06:44:33,35.0,873.0,873.0,1800.27
348,ear,OK,None,N884A6_ch7_main_20240709063000_20240709070000.mp4,06:45:17,4.0,917.0,917.0,1800.27
349,ear,OK,None,N884A6_ch7_main_20240709063000_20240709070000.mp4,06:45:43,20.0,943.0,943.0,1800.27
350,ear,OK,None,N884A6_ch7_main_20240709063000_20240709070000.mp4,06:46:06,24.0,966.0,966.0,1800.27
351,ear,OK,None,N884A6_ch7_main_20240709063000_20240709070000.mp4,06:46:32,5.0,992.0,992.0,1800.27
352,ear,OK,None,N884A6_ch7_main_20240709070000_20240709073000.mp4,07:27:08,1.0,1628.0,1628.0,1800.37
353,ear,OK,None,N884A6_ch7_main_20240709070000_20240709073000.mp4,07:27:10,1.0,1630.0,1630.0,1800.37
354,ear,OK,None,N884A6_ch7_main_20240709070000_20240709073000.mp4,07:27:53,4.0,1673.0,1673.0,1800.37
355,ear,OK,None,N884A6_ch7_main_20240709070000_20240709073000.mp4,07:29:34,1.0,1774.0,1774.0,1800.37
356,ear,OK,None,N884A6_ch7_main_20240709073000_20240709080000.mp4,07:31:59,2.0,119.0,119.0,1798.91
357,ear,OK,None,N884A6_ch7_main_20240709073000_20240709080000.mp4,07:32:04,11.0,124.0,124.0,1798.91
358,tail,OK,None,N884A6_ch7_main_20240709073000_20240709080000.mp4,07:33:07,1.0,187.0,187.0,1798.91
359,tail,OK,None,N884A6_ch7_main_20240709073000_20240709080000.mp4,07:33:15,1.0,195.0,195.0,1798.91
360,teat,OK,None,N884A6_ch7_main_20240709073000_20240709080000.mp4,07:33:35,1.0,215.0,215.0,1798.91
361,ear,OK,None,N884A6_ch7_main_20240709073000_20240709080000.mp4,07:35:45,1.0,345.0,345.0,1798.91
362,ear,OK,None,N884A6_ch7_main_20240709073000_20240709080000.mp4,07:35:51,1.0,351.0,351.0,1798.91
363,ear,OK,None,N884A6_ch7_main_20240709073000_20240709080000.mp4,07:36:06,2.0,366.0,366.0,1798.91
364,tail,OK,None,N884A6_ch7_main_20240709073000_20240709080000.mp4,07:37:10,3.0,430.0,430.0,1798.91
365,tail,OK,None,N884A6_ch7_main_20240709073000_20240709080000.mp4,07:37:21,7.0,441.0,441.0,1798.91
366,ear,OK,None,N884A6_ch7_main_20240709073000_20240709080000.mp4,07:41:02,15.0,662.0,662.0,1798.91
367,ear,OK,None,N884A6_ch7_main_20240709073000_20240709080000.mp4,07:44:44,3.0,884.0,884.0,1798.91
368,ear,OK,None,N884A6_ch7_main_20240709073000_20240709080000.mp4,07:44:50,2.0,890.0,890.0,1798.91
369,ear,OK,None,N884A6_ch7_main_20240709073000_20240709080000.mp4,07:45:08,19.0,908.0,908.0,1798.91
370,ear,OK,None,N884A6_ch7_main_20240709073000_20240709080000.mp4,07:45:30,1.0,930.0,930.0,1798.91
371,ear,OK,None,N884A6_ch7_main_20240709073000_20240709080000.mp4,07:45:34,8.0,934.0,934.0,1798.91
372,ear,OK,None,N884A6_ch7_main_20240709073000_20240709080000.mp4,07:46:05,8.0,965.0,965.0,1798.91
373,ear,OK,None,N884A6_ch7_main_20240709073000_20240709080000.mp4,07:47:11,10.0,1031.0,1031.0,1798.91
374,ear,OK,None,N884A6_ch7_main_20240709073000_20240709080000.mp4,07:47:23,12.0,1043.0,1043.0,1798.91
375,ear,OK,None,N884A6_ch7_main_20240709073000_20240709080000.mp4,07:49:28,5.0,1168.0,1168.0,1798.91
376,ear,OK,None,N884A6_ch7_main_20240709073000_20240709080000.mp4,07:50:17,6.0,1217.0,1217.0,1798.91
377,ear,OK,None,N884A6_ch7_main_20240709073000_20240709080000.mp4,07:50:40,9.0,1240.0,1240.0,1798.91
378,ear,OK,None,N884A6_ch7_main_20240709073000_20240709080000.mp4,07:54:10,7.0,1450.0,1450.0,1798.91
379,tail,OK,None,N884A6_ch7_main_20240709073000_20240709080000.mp4,07:55:21,16.0,1521.0,1521.0,1798.91
380,ear,OK,None,N884A6_ch7_main_20240709073000_20240709080000.mp4,07:55:28,1.0,1528.0,1528.0,1798.91
381,tail,OK,None,N884A6_ch7_main_20240709073000_20240709080000.mp4,07:55:37,14.0,1537.0,1537.0,1798.91
382,ear,OK,None,N884A6_ch7_main_20240709073000_20240709080000.mp4,07:56:59,6.0,1619.0,1619.0,1798.91
383,ear,OK,None,N884A6_ch7_main_20240709073000_20240709080000.mp4,07:58:37,22.0,1717.0,1717.0,1798.91
384,ear,OK,None,N884A6_ch7_main_20240709073000_20240709080000.mp4,07:59:00,3.0,1740.0,1740.0,1798.91
385,ear,OK,None,N884A6_ch7_main_20240709073000_20240709080000.mp4,07:59:42,1.0,1782.0,1782.0,1798.91
386,ear,OK,None,N884A6_ch7_main_20240709073000_20240709080000.mp4,07:59:46,1.0,1786.0,1786.0,1798.91
387,ear,OK,None,N884A6_ch7_main_20240709073000_20240709080000.mp4,07:59:57,2.0,1797.0,1797.0,1798.91
388,ear,OK,None,N884A6_ch7_main_20240709080000_20240709083000.mp4,08:00:01,2.0,1.0,1.0,1800.8600000000001
389,ear,OK,None,N884A6_ch7_main_20240709080000_20240709083000.mp4,08:00:08,2.0,8.0,8.0,1800.8600000000001
390,ear,OK,None,N884A6_ch7_main_20240709080000_20240709083000.mp4,08:00:11,8.0,11.0,11.0,1800.8600000000001
391,ear,OK,None,N884A6_ch7_main_20240709080000_20240709083000.mp4,08:01:12,1.0,72.0,72.0,1800.8600000000001
392,ear,OK,None,N884A6_ch7_main_20240709080000_20240709083000.mp4,08:01:15,9.0,75.0,75.0,1800.8600000000001
393,ear,OK,None,N884A6_ch7_main_20240709080000_20240709083000.mp4,08:01:31,2.0,91.0,91.0,1800.8600000000001
394,ear,OK,None,N884A6_ch7_main_20240709080000_20240709083000.mp4,08:01:38,2.0,98.0,98.0,1800.8600000000001
395,ear,OK,None,N884A6_ch7_main_20240709080000_20240709083000.mp4,08:01:42,2.0,102.0,102.0,1800.8600000000001
396,ear,OK,None,N884A6_ch7_main_20240709080000_20240709083000.mp4,08:01:45,40.0,105.0,105.0,1800.8600000000001
397,ear,OK,None,N884A6_ch7_main_20240709080000_20240709083000.mp4,08:03:47,10.0,227.0,227.0,1800.8600000000001
398,ear,OK,None,N884A6_ch7_main_20240709080000_20240709083000.mp4,08:04:25,2.0,265.0,265.0,1800.8600000000001
399,ear,OK,None,N884A6_ch7_main_20240709080000_20240709083000.mp4,08:04:47,14.0,287.0,287.0,1800.8600000000001
400,tail,OK,None,N884A6_ch7_main_20240709080000_20240709083000.mp4,08:05:57,1.0,357.0,357.0,1800.8600000000001
401,tail,OK,None,N884A6_ch7_main_20240709080000_20240709083000.mp4,08:06:23,8.0,383.0,383.0,1800.8600000000001
402,ear,OK,None,N884A6_ch7_main_20240709080000_20240709083000.mp4,08:11:37,81.0,697.0,697.0,1800.8600000000001
403,ear,OK,None,N884A6_ch7_main_20240709080000_20240709083000.mp4,08:13:22,16.0,802.0,802.0,1800.8600000000001
404,ear,OK,None,N884A6_ch7_main_20240709080000_20240709083000.mp4,08:14:24,2.0,864.0,864.0,1800.8600000000001
405,tail,OK,None,N884A6_ch7_main_20240709080000_20240709083000.mp4,08:17:16,16.0,1036.0,1036.0,1800.8600000000001
406,tail,OK,None,N884A6_ch7_main_20240709080000_20240709083000.mp4,08:17:54,1.0,1074.0,1074.0,1800.8600000000001
407,ear,OK,None,N884A6_ch7_main_20240709080000_20240709083000.mp4,08:23:33,4.0,1413.0,1413.0,1800.8600000000001
408,ear,OK,None,N884A6_ch7_main_20240709080000_20240709083000.mp4,08:23:58,8.0,1438.0,1438.0,1800.8600000000001
409,ear,OK,None,N884A6_ch7_main_20240709080000_20240709083000.mp4,08:24:09,1.0,1449.0,1449.0,1800.8600000000001
410,ear,OK,None,N884A6_ch7_main_20240709083000_20240709090000.mp4,08:47:38,12.0,1058.0,1058.0,1800.6699999999998
411,ear,OK,None,N884A6_ch7_main_20240709083000_20240709090000.mp4,08:52:36,8.0,1356.0,1356.0,1800.6699999999998
412,ear,OK,None,N884A6_ch7_main_20240709083000_20240709090000.mp4,08:59:44,16.0,1784.0,1784.0,1800.6699999999998
413,ear,OK,None,N884A6_ch7_main_20240709083000_20240709090000.mp4,09:00:00,15.0,1800.0,1800.0,1800.6699999999998
414,ear,OK,None,N884A6_ch7_main_20240709090000_20240709093000.mp4,09:03:12,4.0,192.0,192.0,1799.85
415,ear,OK,None,N884A6_ch7_main_20240709090000_20240709093000.mp4,09:04:53,1.0,293.0,293.0,1799.85
416,ear,OK,None,N884A6_ch7_main_20240709090000_20240709093000.mp4,09:04:55,7.0,295.0,295.0,1799.85
417,ear,OK,None,N884A6_ch7_main_20240709090000_20240709093000.mp4,09:05:55,5.0,355.0,355.0,1799.85
418,ear,OK,None,N884A6_ch7_main_20240709090000_20240709093000.mp4,09:06:03,1.0,363.0,363.0,1799.85
419,ear,OK,None,N884A6_ch7_main_20240709090000_20240709093000.mp4,09:06:30,6.0,390.0,390.0,1799.85
420,ear,OK,None,N884A6_ch7_main_20240709090000_20240709093000.mp4,09:06:38,1.0,398.0,398.0,1799.85
421,ear,OK,None,N884A6_ch7_main_20240709090000_20240709093000.mp4,09:06:44,2.0,404.0,404.0,1799.85
422,ear,OK,None,N884A6_ch7_main_20240709090000_20240709093000.mp4,09:06:48,94.0,408.0,408.0,1799.85
423,ear,OK,None,N884A6_ch7_main_20240709090000_20240709093000.mp4,09:08:25,8.0,505.0,505.0,1799.85
424,ear,OK,None,N884A6_ch7_main_20240709090000_20240709093000.mp4,09:08:36,13.0,516.0,516.0,1799.85
425,ear,OK,None,N884A6_ch7_main_20240709090000_20240709093000.mp4,09:08:51,9.0,531.0,531.0,1799.85
426,ear,OK,None,N884A6_ch7_main_20240709090000_20240709093000.mp4,09:09:01,10.0,541.0,541.0,1799.85
427,ear,OK,None,N884A6_ch7_main_20240709090000_20240709093000.mp4,09:09:12,13.0,552.0,552.0,1799.85
428,ear,OK,None,N884A6_ch7_main_20240709090000_20240709093000.mp4,09:09:27,4.0,567.0,567.0,1799.85
429,ear,OK,None,N884A6_ch7_main_20240709090000_20240709093000.mp4,09:09:32,6.0,572.0,572.0,1799.85
430,ear,OK,None,N884A6_ch7_main_20240709090000_20240709093000.mp4,09:13:02,10.0,782.0,782.0,1799.85
431,ear,OK,None,N884A6_ch7_main_20240709090000_20240709093000.mp4,09:13:19,5.0,799.0,799.0,1799.85
432,ear,OK,None,N884A6_ch7_main_20240709090000_20240709093000.mp4,09:13:22,4.0,802.0,802.0,1799.85
433,ear,OK,None,N884A6_ch7_main_20240709090000_20240709093000.mp4,09:13:32,1.0,812.0,812.0,1799.85
434,ear,OK,None,N884A6_ch7_main_20240709090000_20240709093000.mp4,09:13:34,2.0,814.0,814.0,1799.85
435,ear,OK,None,N884A6_ch7_main_20240709090000_20240709093000.mp4,09:19:45,1.0,1185.0,1185.0,1799.85
436,ear,OK,None,N884A6_ch7_main_20240709090000_20240709093000.mp4,09:19:47,11.0,1187.0,1187.0,1799.85
437,ear,OK,None,N884A6_ch7_main_20240709090000_20240709093000.mp4,09:20:04,1.0,1204.0,1204.0,1799.85
438,ear,OK,None,N884A6_ch7_main_20240709090000_20240709093000.mp4,09:20:06,15.0,1206.0,1206.0,1799.85
439,ear,OK,None,N884A6_ch7_main_20240709090000_20240709093000.mp4,09:20:22,1.0,1222.0,1222.0,1799.85
440,ear,OK,None,N884A6_ch7_main_20240709090000_20240709093000.mp4,09:20:30,26.0,1230.0,1230.0,1799.85
441,ear,OK,None,N884A6_ch7_main_20240709090000_20240709093000.mp4,09:20:59,1.0,1259.0,1259.0,1799.85
442,ear,OK,None,N884A6_ch7_main_20240709090000_20240709093000.mp4,09:21:03,2.0,1263.0,1263.0,1799.85
443,ear,OK,None,N884A6_ch7_main_20240709090000_20240709093000.mp4,09:21:07,2.0,1267.0,1267.0,1799.85
444,ear,OK,None,N884A6_ch7_main_20240709103000_20240709110000.mp4,10:39:33,7.0,573.0,573.0,1800.3200000000002
445,ear,OK,None,N884A6_ch7_main_20240709103000_20240709110000.mp4,10:40:09,4.0,609.0,609.0,1800.3200000000002
446,ear,OK,None,N884A6_ch7_main_20240709103000_20240709110000.mp4,10:40:43,3.0,643.0,643.0,1800.3200000000002
447,ear,OK,None,N884A6_ch7_main_20240709103000_20240709110000.mp4,10:52:12,24.0,1332.0,1332.0,1800.3200000000002
448,ear,OK,None,N884A6_ch7_main_20240709103000_20240709110000.mp4,10:52:43,2.0,1363.0,1363.0,1800.3200000000002
449,ear,OK,None,N884A6_ch7_main_20240709103000_20240709110000.mp4,10:52:49,1.0,1369.0,1369.0,1800.3200000000002
450,ear,OK,None,N884A6_ch7_main_20240709103000_20240709110000.mp4,10:53:26,5.0,1406.0,1406.0,1800.3200000000002
451,ear,OK,None,N884A6_ch7_main_20240709103000_20240709110000.mp4,10:53:34,3.0,1414.0,1414.0,1800.3200000000002
452,ear,OK,None,N884A6_ch7_main_20240709103000_20240709110000.mp4,10:53:40,17.0,1420.0,1420.0,1800.3200000000002
453,ear,OK,None,N884A6_ch7_main_20240709103000_20240709110000.mp4,10:54:00,9.0,1440.0,1440.0,1800.3200000000002
454,ear,OK,None,N884A6_ch7_main_20240709103000_20240709110000.mp4,10:54:11,34.0,1451.0,1451.0,1800.3200000000002
455,ear,OK,None,N884A6_ch7_main_20240709103000_20240709110000.mp4,10:54:47,2.0,1487.0,1487.0,1800.3200000000002
456,ear,OK,None,N884A6_ch7_main_20240709103000_20240709110000.mp4,10:54:59,2.0,1499.0,1499.0,1800.3200000000002
457,ear,OK,None,N884A6_ch7_main_20240709103000_20240709110000.mp4,10:55:03,24.0,1503.0,1503.0,1800.3200000000002
458,ear,OK,None,N884A6_ch7_main_20240709103000_20240709110000.mp4,10:55:39,25.0,1539.0,1539.0,1800.3200000000002
459,ear,OK,None,N884A6_ch7_main_20240709103000_20240709110000.mp4,10:56:21,6.0,1581.0,1581.0,1800.3200000000002
460,ear,OK,None,N884A6_ch7_main_20240709103000_20240709110000.mp4,10:56:31,1.0,1591.0,1591.0,1800.3200000000002
461,ear,OK,None,N884A6_ch7_main_20240709103000_20240709110000.mp4,10:56:38,1.0,1598.0,1598.0,1800.3200000000002
462,ear,OK,None,N884A6_ch7_main_20240709110000_20240709113000.mp4,11:03:13,3.0,193.0,193.0,1799.23
463,ear,OK,None,N884A6_ch7_main_20240709110000_20240709113000.mp4,11:03:19,8.0,199.0,199.0,1799.23
464,ear,OK,None,N884A6_ch7_main_20240709110000_20240709113000.mp4,11:08:54,4.0,534.0,534.0,1799.23
465,ear,OK,None,N884A6_ch7_main_20240709110000_20240709113000.mp4,11:11:08,8.0,668.0,668.0,1799.23
466,ear,OK,None,N884A6_ch7_main_20240709110000_20240709113000.mp4,11:11:38,5.0,698.0,698.0,1799.23
467,ear,OK,None,N884A6_ch7_main_20240709110000_20240709113000.mp4,11:11:44,7.0,704.0,704.0,1799.23
468,ear,OK,None,N884A6_ch7_main_20240709110000_20240709113000.mp4,11:11:54,1.0,714.0,714.0,1799.23
469,ear,OK,None,N884A6_ch7_main_20240709110000_20240709113000.mp4,11:15:45,1.0,945.0,945.0,1799.23
470,ear,OK,None,N884A6_ch7_main_20240709110000_20240709113000.mp4,11:15:47,1.0,947.0,947.0,1799.23
471,ear,OK,None,N884A6_ch7_main_20240709110000_20240709113000.mp4,11:16:07,18.0,967.0,967.0,1799.23
472,ear,OK,None,N884A6_ch7_main_20240709110000_20240709113000.mp4,11:17:52,11.0,1072.0,1072.0,1799.23
473,ear,OK,None,N884A6_ch7_main_20240709110000_20240709113000.mp4,11:18:10,1.0,1090.0,1090.0,1799.23
474,ear,OK,None,N884A6_ch7_main_20240709110000_20240709113000.mp4,11:18:12,8.0,1092.0,1092.0,1799.23
475,ear,OK,None,N884A6_ch7_main_20240709110000_20240709113000.mp4,11:18:31,4.0,1111.0,1111.0,1799.23
476,ear,OK,None,N884A6_ch7_main_20240709110000_20240709113000.mp4,11:18:39,4.0,1119.0,1119.0,1799.23
477,ear,OK,None,N884A6_ch7_main_20240709110000_20240709113000.mp4,11:18:45,28.0,1125.0,1125.0,1799.23
478,ear,OK,None,N884A6_ch7_main_20240709110000_20240709113000.mp4,11:20:01,15.0,1201.0,1201.0,1799.23
479,ear,OK,None,N884A6_ch7_main_20240709110000_20240709113000.mp4,11:20:31,2.0,1231.0,1231.0,1799.23
480,ear,OK,None,N884A6_ch7_main_20240709110000_20240709113000.mp4,11:21:40,3.0,1300.0,1300.0,1799.23
481,ear,OK,None,N884A6_ch7_main_20240709110000_20240709113000.mp4,11:23:32,1.0,1412.0,1412.0,1799.23
482,ear,OK,None,N884A6_ch7_main_20240709110000_20240709113000.mp4,11:24:50,4.0,1490.0,1490.0,1799.23
483,ear,OK,None,N884A6_ch7_main_20240709113000_20240709120000.mp4,11:33:41,6.0,221.0,221.0,1800.61
484,ear,OK,None,N884A6_ch7_main_20240709113000_20240709120000.mp4,11:33:50,7.0,230.0,230.0,1800.61
485,ear,OK,None,N884A6_ch7_main_20240709113000_20240709120000.mp4,11:43:19,9.0,799.0,799.0,1800.61
486,ear,OK,None,N884A6_ch7_main_20240709113000_20240709120000.mp4,11:46:51,12.0,1011.0,1011.0,1800.61
487,ear,OK,None,N884A6_ch7_main_20240709113000_20240709120000.mp4,11:47:45,13.0,1065.0,1065.0,1800.61
488,ear,OK,None,N884A6_ch7_main_20240709113000_20240709120000.mp4,11:48:03,4.0,1083.0,1083.0,1800.61
489,ear,OK,None,N884A6_ch7_main_20240709113000_20240709120000.mp4,11:48:18,3.0,1098.0,1098.0,1800.61
490,ear,OK,None,N884A6_ch7_main_20240709113000_20240709120000.mp4,11:48:48,1.0,1128.0,1128.0,1800.61
491,ear,OK,None,N884A6_ch7_main_20240709113000_20240709120000.mp4,11:49:47,2.0,1187.0,1187.0,1800.61
492,ear,OK,None,N884A6_ch7_main_20240709113000_20240709120000.mp4,11:49:53,3.0,1193.0,1193.0,1800.61
493,tail,OK,None,N884A6_ch7_main_20240709113000_20240709120000.mp4,11:52:37,1.0,1357.0,1357.0,1800.61
494,ear,OK,None,N884A6_ch7_main_20240709113000_20240709120000.mp4,11:57:18,4.0,1638.0,1638.0,1800.61
495,ear,OK,None,N884A6_ch7_main_20240709113000_20240709120000.mp4,11:57:29,2.0,1649.0,1649.0,1800.61
496,ear,OK,None,N884A6_ch7_main_20240709113000_20240709120000.mp4,11:57:51,1.0,1671.0,1671.0,1800.61
497,ear,OK,None,N884A6_ch7_main_20240709113000_20240709120000.mp4,11:57:57,2.0,1677.0,1677.0,1800.61
498,ear,OK,None,N884A6_ch7_main_20240709120000_20240709123000.mp4,12:00:45,1.0,45.0,45.0,1800.8
499,ear,OK,None,N884A6_ch7_main_20240709120000_20240709123000.mp4,12:00:45,1.0,45.0,45.0,1800.8
500,ear,OK,None,N884A6_ch7_main_20240709120000_20240709123000.mp4,12:02:11,15.0,131.0,131.0,1800.8
501,ear,OK,None,N884A6_ch7_main_20240709120000_20240709123000.mp4,12:02:14,12.0,134.0,134.0,1800.8
502,ear,OK,None,N884A6_ch7_main_20240709120000_20240709123000.mp4,12:02:56,2.0,176.0,176.0,1800.8
503,ear,OK,None,N884A6_ch7_main_20240709120000_20240709123000.mp4,12:02:56,2.0,176.0,176.0,1800.8
504,ear,OK,None,N884A6_ch7_main_20240709120000_20240709123000.mp4,12:03:01,7.0,181.0,181.0,1800.8
505,ear,OK,None,N884A6_ch7_main_20240709120000_20240709123000.mp4,12:03:01,7.0,181.0,181.0,1800.8
506,tail,OK,None,N884A6_ch7_main_20240709120000_20240709123000.mp4,12:07:43,2.0,463.0,463.0,1800.8
507,tail,OK,None,N884A6_ch7_main_20240709120000_20240709123000.mp4,12:07:43,1.0,463.0,463.0,1800.8
508,tail,OK,None,N884A6_ch7_main_20240709120000_20240709123000.mp4,12:10:45,7.0,645.0,645.0,1800.8
509,tail,OK,None,N884A6_ch7_main_20240709120000_20240709123000.mp4,12:10:56,2.0,656.0,656.0,1800.8
510,tail,OK,None,N884A6_ch7_main_20240709120000_20240709123000.mp4,12:10:57,1.0,657.0,657.0,1800.8
511,ear,OK,None,N884A6_ch7_main_20240709120000_20240709123000.mp4,12:11:24,2.0,684.0,684.0,1800.8
512,ear,OK,None,N884A6_ch7_main_20240709120000_20240709123000.mp4,12:11:25,1.0,685.0,685.0,1800.8
513,tail,OK,None,N884A6_ch7_main_20240709120000_20240709123000.mp4,12:12:47,1.0,767.0,767.0,1800.8
514,tail,OK,None,N884A6_ch7_main_20240709120000_20240709123000.mp4,12:12:47,1.0,767.0,767.0,1800.8
515,ear,OK,None,N884A6_ch7_main_20240709120000_20240709123000.mp4,12:13:05,6.0,785.0,785.0,1800.8
516,ear,OK,None,N884A6_ch7_main_20240709120000_20240709123000.mp4,12:13:05,6.0,785.0,785.0,1800.8
517,ear,OK,None,N884A6_ch7_main_20240709120000_20240709123000.mp4,12:13:14,4.0,794.0,794.0,1800.8
518,ear,OK,None,N884A6_ch7_main_20240709120000_20240709123000.mp4,12:13:30,8.0,810.0,810.0,1800.8
519,ear,OK,None,N884A6_ch7_main_20240709120000_20240709123000.mp4,12:13:31,10.0,811.0,811.0,1800.8
520,ear,OK,None,N884A6_ch7_main_20240709120000_20240709123000.mp4,12:14:06,3.0,846.0,846.0,1800.8
521,ear,OK,None,N884A6_ch7_main_20240709120000_20240709123000.mp4,12:14:14,1.0,854.0,854.0,1800.8
522,ear,OK,None,N884A6_ch7_main_20240709120000_20240709123000.mp4,12:16:45,1.0,1005.0,1005.0,1800.8
523,tail,OK,None,N884A6_ch7_main_20240709120000_20240709123000.mp4,12:17:38,4.0,1058.0,1058.0,1800.8
524,tail,OK,None,N884A6_ch7_main_20240709120000_20240709123000.mp4,12:17:38,4.0,1058.0,1058.0,1800.8
525,tail,OK,None,N884A6_ch7_main_20240709120000_20240709123000.mp4,12:17:54,4.0,1074.0,1074.0,1800.8
526,tail,OK,None,N884A6_ch7_main_20240709120000_20240709123000.mp4,12:17:54,3.0,1074.0,1074.0,1800.8
527,tail,OK,None,N884A6_ch7_main_20240709120000_20240709123000.mp4,12:18:01,2.0,1081.0,1081.0,1800.8
528,tail,OK,None,N884A6_ch7_main_20240709120000_20240709123000.mp4,12:18:01,2.0,1081.0,1081.0,1800.8
529,tail,OK,None,N884A6_ch7_main_20240709120000_20240709123000.mp4,12:18:07,1.0,1087.0,1087.0,1800.8
530,tail,OK,None,N884A6_ch7_main_20240709120000_20240709123000.mp4,12:18:07,1.0,1087.0,1087.0,1800.8
531,tail,OK,None,N884A6_ch7_main_20240709120000_20240709123000.mp4,12:20:24,5.0,1224.0,1224.0,1800.8
532,tail,OK,None,N884A6_ch7_main_20240709120000_20240709123000.mp4,12:20:24,1.0,1224.0,1224.0,1800.8
533,tail,OK,None,N884A6_ch7_main_20240709120000_20240709123000.mp4,12:20:28,1.0,1228.0,1228.0,1800.8
534,tail,OK,None,N884A6_ch7_main_20240709120000_20240709123000.mp4,12:21:37,1.0,1297.0,1297.0,1800.8
535,tail,OK,None,N884A6_ch7_main_20240709120000_20240709123000.mp4,12:21:37,1.0,1297.0,1297.0,1800.8
536,ear,OK,None,N884A6_ch7_main_20240709120000_20240709123000.mp4,12:26:16,2.0,1576.0,1576.0,1800.8
537,ear,OK,None,N884A6_ch7_main_20240709120000_20240709123000.mp4,12:26:17,1.0,1577.0,1577.0,1800.8
538,ear,OK,None,N884A6_ch7_main_20240709120000_20240709123000.mp4,12:26:48,3.0,1608.0,1608.0,1800.8
539,ear,OK,None,N884A6_ch7_main_20240709120000_20240709123000.mp4,12:26:48,3.0,1608.0,1608.0,1800.8
540,ear,OK,None,N884A6_ch7_main_20240709120000_20240709123000.mp4,12:29:54,6.0,1794.0,1794.0,1800.8
541,ear,OK,None,N884A6_ch7_main_20240709120000_20240709123000.mp4,12:30:00,6.0,1800.0,1800.0,1800.8
542,ear,OK,None,N884A6_ch7_main_20240709123000_20240709130000.mp4,12:30:11,13.0,11.0,11.0,1800.27
543,ear,OK,None,N884A6_ch7_main_20240709123000_20240709130000.mp4,12:30:25,2.0,25.0,25.0,1800.27
544,ear,OK,None,N884A6_ch7_main_20240709123000_20240709130000.mp4,12:30:52,25.0,52.0,52.0,1800.27
545,tail,OK,None,N884A6_ch7_main_20240709123000_20240709130000.mp4,12:31:50,6.0,110.0,110.0,1800.27
546,tail,OK,None,N884A6_ch7_main_20240709123000_20240709130000.mp4,12:34:08,1.0,248.0,248.0,1800.27
547,tail,OK,None,N884A6_ch7_main_20240709123000_20240709130000.mp4,12:36:27,1.0,387.0,387.0,1800.27
548,ear,OK,None,N884A6_ch7_main_20240709123000_20240709130000.mp4,12:37:23,4.0,443.0,443.0,1800.27
549,ear,OK,None,N884A6_ch7_main_20240709123000_20240709130000.mp4,12:43:30,5.0,810.0,810.0,1800.27
550,tail,OK,None,N884A6_ch7_main_20240709123000_20240709130000.mp4,12:54:37,10.0,1477.0,1477.0,1800.27
551,tail,OK,None,N884A6_ch7_main_20240709130000_20240709133000.mp4,13:09:21,6.0,561.0,561.0,1798.82
552,ear,OK,None,N884A6_ch7_main_20240709130000_20240709133000.mp4,13:10:46,3.0,646.0,646.0,1798.82
553,ear,OK,None,N884A6_ch7_main_20240709130000_20240709133000.mp4,13:10:53,3.0,653.0,653.0,1798.82
554,ear,OK,None,N884A6_ch7_main_20240709140000_20240709143000.mp4,14:07:57,1.0,477.0,477.0,1800.17
555,ear,OK,None,N884A6_ch7_main_20240709140000_20240709143000.mp4,14:09:40,2.0,580.0,580.0,1800.17
556,ear,OK,None,N884A6_ch7_main_20240709140000_20240709143000.mp4,14:14:49,7.0,889.0,889.0,1800.17
557,ear,OK,None,N884A6_ch7_main_20240709140000_20240709143000.mp4,14:17:08,21.0,1028.0,1028.0,1800.17
558,ear,OK,None,N884A6_ch7_main_20240709140000_20240709143000.mp4,14:17:10,8.0,1030.0,1030.0,1800.17
559,ear,OK,None,N884A6_ch7_main_20240709140000_20240709143000.mp4,14:17:35,11.0,1055.0,1055.0,1800.17
560,ear,OK,None,N884A6_ch7_main_20240709140000_20240709143000.mp4,14:17:58,6.0,1078.0,1078.0,1800.17
561,ear,OK,None,N884A6_ch7_main_20240709140000_20240709143000.mp4,14:17:59,3.0,1079.0,1079.0,1800.17
562,ear,OK,None,N884A6_ch7_main_20240709140000_20240709143000.mp4,14:18:08,23.0,1088.0,1088.0,1800.17
563,ear,OK,None,N884A6_ch7_main_20240709140000_20240709143000.mp4,14:18:09,5.0,1089.0,1089.0,1800.17
564,ear,OK,None,N884A6_ch7_main_20240709140000_20240709143000.mp4,14:18:33,1.0,1113.0,1113.0,1800.17
565,ear,OK,None,N884A6_ch7_main_20240709140000_20240709143000.mp4,14:18:34,25.0,1114.0,1114.0,1800.17
566,ear,OK,None,N884A6_ch7_main_20240709140000_20240709143000.mp4,14:18:46,12.0,1126.0,1126.0,1800.17
567,ear,OK,None,N884A6_ch7_main_20240709140000_20240709143000.mp4,14:18:54,6.0,1134.0,1134.0,1800.17
568,ear,OK,None,N884A6_ch7_main_20240709140000_20240709143000.mp4,14:19:01,6.0,1141.0,1141.0,1800.17
569,ear,OK,None,N884A6_ch7_main_20240709140000_20240709143000.mp4,14:19:10,1.0,1150.0,1150.0,1800.17
570,tail,OK,None,N884A6_ch7_main_20240709140000_20240709143000.mp4,14:28:10,3.0,1690.0,1690.0,1800.17
571,tail,OK,None,N884A6_ch7_main_20240709140000_20240709143000.mp4,14:28:15,5.0,1695.0,1695.0,1800.17
572,tail,OK,None,N884A6_ch7_main_20240709140000_20240709143000.mp4,14:28:32,1.0,1712.0,1712.0,1800.17
573,ear,OK,None,N884A6_ch7_main_20240709140000_20240709143000.mp4,14:28:48,1.0,1728.0,1728.0,1800.17
574,ear,OK,None,N884A6_ch7_main_20240709140000_20240709143000.mp4,14:29:02,1.0,1742.0,1742.0,1800.17
575,ear,OK,None,N884A6_ch7_main_20240709140000_20240709143000.mp4,14:29:35,2.0,1775.0,1775.0,1800.17
576,ear,OK,None,N884A6_ch7_main_20240709140000_20240709143000.mp4,14:29:42,4.0,1782.0,1782.0,1800.17
577,ear,OK,None,N884A6_ch7_main_20240709143000_20240709150000.mp4,14:32:18,4.0,138.0,138.0,1800.61
578,ear,OK,None,N884A6_ch7_main_20240709143000_20240709150000.mp4,14:32:23,1.0,143.0,143.0,1800.61
579,ear,OK,None,N884A6_ch7_main_20240709143000_20240709150000.mp4,14:33:02,3.0,182.0,182.0,1800.61
580,tail,OK,None,N884A6_ch7_main_20240709143000_20240709150000.mp4,14:33:05,1.0,185.0,185.0,1800.61
581,ear,OK,None,N884A6_ch7_main_20240709143000_20240709150000.mp4,14:38:28,2.0,508.0,508.0,1800.61
582,ear,OK,None,N884A6_ch7_main_20240709143000_20240709150000.mp4,14:53:16,4.0,1396.0,1396.0,1800.61
583,ear,OK,None,N884A6_ch7_main_20240709150000_20240709153000.mp4,15:15:21,1.0,921.0,921.0,1800.66
584,ear,OK,None,N884A6_ch7_main_20240709150000_20240709153000.mp4,15:18:55,3.0,1135.0,1135.0,1800.66
585,tail,OK,None,N884A6_ch7_main_20240709150000_20240709153000.mp4,15:28:30,4.0,1710.0,1710.0,1800.66
586,ear,OK,None,N884A6_ch7_main_20240709150000_20240709153000.mp4,15:28:31,1.0,1711.0,1711.0,1800.66
587,ear,OK,None,N884A6_ch7_main_20240709150000_20240709153000.mp4,15:28:42,1.0,1722.0,1722.0,1800.66
588,ear,OK,None,N884A6_ch7_main_20240709150000_20240709153000.mp4,15:28:54,8.0,1734.0,1734.0,1800.66
589,ear,OK,None,N884A6_ch7_main_20240709153000_20240709160000.mp4,15:30:24,14.0,24.0,24.0,1799.4199999999998
590,ear,OK,None,N884A6_ch7_main_20240709153000_20240709160000.mp4,15:30:43,7.0,43.0,43.0,1799.4199999999998
591,ear,OK,None,N884A6_ch7_main_20240709153000_20240709160000.mp4,15:33:50,3.0,230.0,230.0,1799.4199999999998
592,ear,OK,None,N884A6_ch7_main_20240709153000_20240709160000.mp4,15:33:59,6.0,239.0,239.0,1799.4199999999998
593,ear,OK,None,N884A6_ch7_main_20240709153000_20240709160000.mp4,15:34:23,5.0,263.0,263.0,1799.4199999999998
594,tail,OK,None,N884A6_ch7_main_20240709153000_20240709160000.mp4,15:40:12,2.0,612.0,612.0,1799.4199999999998
595,ear,OK,None,N884A6_ch7_main_20240709153000_20240709160000.mp4,15:40:58,1.0,658.0,658.0,1799.4199999999998
596,tail,OK,None,N884A6_ch7_main_20240709153000_20240709160000.mp4,15:41:05,4.0,665.0,665.0,1799.4199999999998
597,ear,OK,None,N884A6_ch7_main_20240709153000_20240709160000.mp4,15:45:09,5.0,909.0,909.0,1799.4199999999998
598,ear,OK,None,N884A6_ch7_main_20240709153000_20240709160000.mp4,15:45:33,4.0,933.0,933.0,1799.4199999999998
599,ear,OK,None,N884A6_ch7_main_20240709153000_20240709160000.mp4,15:45:42,1.0,942.0,942.0,1799.4199999999998
600,ear,OK,None,N884A6_ch7_main_20240709153000_20240709160000.mp4,15:45:48,2.0,948.0,948.0,1799.4199999999998
601,ear,OK,None,N884A6_ch7_main_20240709153000_20240709160000.mp4,15:48:48,38.0,1128.0,1128.0,1799.4199999999998
602,ear,OK,None,N884A6_ch7_main_20240709153000_20240709160000.mp4,15:50:00,9.0,1200.0,1200.0,1799.4199999999998
603,ear,OK,None,N884A6_ch7_main_20240709153000_20240709160000.mp4,15:50:18,4.0,1218.0,1218.0,1799.4199999999998
604,ear,OK,None,N884A6_ch7_main_20240709153000_20240709160000.mp4,15:50:30,2.0,1230.0,1230.0,1799.4199999999998
605,ear,OK,None,N884A6_ch7_main_20240709153000_20240709160000.mp4,15:50:35,4.0,1235.0,1235.0,1799.4199999999998
606,ear,OK,None,N884A6_ch7_main_20240709153000_20240709160000.mp4,15:50:40,20.0,1240.0,1240.0,1799.4199999999998
607,ear,OK,None,N884A6_ch7_main_20240709153000_20240709160000.mp4,15:51:07,1.0,1267.0,1267.0,1799.4199999999998
608,ear,OK,None,N884A6_ch7_main_20240709153000_20240709160000.mp4,15:51:10,1.0,1270.0,1270.0,1799.4199999999998
609,ear,OK,None,N884A6_ch7_main_20240709153000_20240709160000.mp4,15:51:12,8.0,1272.0,1272.0,1799.4199999999998
610,ear,OK,None,N884A6_ch7_main_20240709153000_20240709160000.mp4,15:51:24,13.0,1284.0,1284.0,1799.4199999999998
611,ear,OK,None,N884A6_ch7_main_20240709153000_20240709160000.mp4,15:51:56,17.0,1316.0,1316.0,1799.4199999999998
612,ear,OK,None,N884A6_ch7_main_20240709153000_20240709160000.mp4,15:52:15,6.0,1335.0,1335.0,1799.4199999999998
613,ear,OK,None,N884A6_ch7_main_20240709153000_20240709160000.mp4,15:52:26,20.0,1346.0,1346.0,1799.4199999999998
614,ear,OK,None,N884A6_ch7_main_20240709153000_20240709160000.mp4,15:53:02,13.0,1382.0,1382.0,1799.4199999999998
615,ear,OK,None,N884A6_ch7_main_20240709153000_20240709160000.mp4,15:53:23,19.0,1403.0,1403.0,1799.4199999999998
616,ear,OK,None,N884A6_ch7_main_20240709153000_20240709160000.mp4,15:54:33,4.0,1473.0,1473.0,1799.4199999999998
617,ear,OK,None,N884A6_ch7_main_20240709153000_20240709160000.mp4,15:54:38,3.0,1478.0,1478.0,1799.4199999999998
618,tail,OK,None,N884A6_ch7_main_20240709153000_20240709160000.mp4,15:57:38,2.0,1658.0,1658.0,1799.4199999999998
619,tail,OK,None,N884A6_ch7_main_20240709153000_20240709160000.mp4,15:58:08,2.0,1688.0,1688.0,1799.4199999999998
620,ear,FAIL,"OFFSET_EXCEEDS_DURATION(offset=1800,video=1799)",N884A6_ch7_main_20240709153000_20240709160000.mp4,16:00:00,3.0,1800.0,1800.0,1799.4199999999998
621,tail,OK,None,N884A6_ch7_main_20240709160000_20240709163000.mp4,16:00:55,4.0,55.0,55.0,1800.16
622,ear,OK,None,N884A6_ch7_main_20240709160000_20240709163000.mp4,16:08:52,1.0,532.0,532.0,1800.16
623,ear,OK,None,N884A6_ch7_main_20240709160000_20240709163000.mp4,16:09:05,10.0,545.0,545.0,1800.16
624,ear,OK,None,N884A6_ch7_main_20240709160000_20240709163000.mp4,16:09:16,1.0,556.0,556.0,1800.16
625,ear,OK,None,N884A6_ch7_main_20240709160000_20240709163000.mp4,16:09:49,3.0,589.0,589.0,1800.16
626,ear,OK,None,N884A6_ch7_main_20240709160000_20240709163000.mp4,16:10:43,7.0,643.0,643.0,1800.16
627,ear,OK,None,N884A6_ch7_main_20240709160000_20240709163000.mp4,16:14:53,13.0,893.0,893.0,1800.16
628,teat,OK,None,N884A6_ch7_main_20240709160000_20240709163000.mp4,16:16:12,4.0,972.0,972.0,1800.16
629,ear,OK,None,N884A6_ch7_main_20240709160000_20240709163000.mp4,16:19:29,6.0,1169.0,1169.0,1800.16
630,ear,OK,None,N884A6_ch7_main_20240709160000_20240709163000.mp4,16:21:08,4.0,1268.0,1268.0,1800.16
631,ear,OK,None,N884A6_ch7_main_20240709160000_20240709163000.mp4,16:21:10,1.0,1270.0,1270.0,1800.16
632,ear,OK,None,N884A6_ch7_main_20240709160000_20240709163000.mp4,16:21:12,15.0,1272.0,1272.0,1800.16
633,ear,OK,None,N884A6_ch7_main_20240709160000_20240709163000.mp4,16:21:36,70.0,1296.0,1296.0,1800.16
634,ear,OK,None,N884A6_ch7_main_20240709160000_20240709163000.mp4,16:21:55,39.0,1315.0,1315.0,1800.16
635,ear,OK,None,N884A6_ch7_main_20240709160000_20240709163000.mp4,16:22:36,23.0,1356.0,1356.0,1800.16
636,ear,OK,None,N884A6_ch7_main_20240709160000_20240709163000.mp4,16:23:00,1.0,1380.0,1380.0,1800.16
637,ear,OK,None,N884A6_ch7_main_20240709160000_20240709163000.mp4,16:23:03,4.0,1383.0,1383.0,1800.16
638,ear,OK,None,N884A6_ch7_main_20240709160000_20240709163000.mp4,16:23:09,5.0,1389.0,1389.0,1800.16
639,ear,OK,None,N884A6_ch7_main_20240709160000_20240709163000.mp4,16:23:24,2.0,1404.0,1404.0,1800.16
640,ear,OK,None,N884A6_ch7_main_20240709160000_20240709163000.mp4,16:23:52,27.0,1432.0,1432.0,1800.16
641,ear,OK,None,N884A6_ch7_main_20240709160000_20240709163000.mp4,16:24:06,6.0,1446.0,1446.0,1800.16
642,ear,OK,None,N884A6_ch7_main_20240709160000_20240709163000.mp4,16:25:00,7.0,1500.0,1500.0,1800.16
643,ear,OK,None,N884A6_ch7_main_20240709160000_20240709163000.mp4,16:25:20,3.0,1520.0,1520.0,1800.16
644,ear,OK,None,N884A6_ch7_main_20240709160000_20240709163000.mp4,16:25:55,14.0,1555.0,1555.0,1800.16
645,ear,OK,None,N884A6_ch7_main_20240709160000_20240709163000.mp4,16:27:18,2.0,1638.0,1638.0,1800.16
646,tail,OK,None,N884A6_ch7_main_20240709163000_20240709170000.mp4,16:51:50,5.0,1310.0,1310.0,1800.22
647,ear,OK,None,N884A6_ch7_main_20240709163000_20240709170000.mp4,16:51:57,1.0,1317.0,1317.0,1800.22
648,ear,OK,None,N884A6_ch7_main_20240709163000_20240709170000.mp4,16:52:27,1.0,1347.0,1347.0,1800.22
649,tail,OK,None,N884A6_ch7_main_20240709163000_20240709170000.mp4,16:53:11,1.0,1391.0,1391.0,1800.22
650,ear,OK,None,N884A6_ch7_main_20240709163000_20240709170000.mp4,16:55:36,1.0,1536.0,1536.0,1800.22
651,tail,OK,None,N884A6_ch7_main_20240709170000_20240709173000.mp4,17:02:40,1.0,160.0,160.0,1800.27
652,tail,OK,None,N884A6_ch7_main_20240709170000_20240709173000.mp4,17:02:56,30.0,176.0,176.0,1800.27
653,ear,OK,None,N884A6_ch7_main_20240709170000_20240709173000.mp4,17:03:01,34.0,181.0,181.0,1800.27
654,tail,OK,None,N884A6_ch7_main_20240709170000_20240709173000.mp4,17:03:29,4.0,209.0,209.0,1800.27
655,ear,OK,None,N884A6_ch7_main_20240709170000_20240709173000.mp4,17:03:59,1.0,239.0,239.0,1800.27
656,tail,OK,None,N884A6_ch7_main_20240709170000_20240709173000.mp4,17:04:13,3.0,253.0,253.0,1800.27
657,ear,OK,None,N884A6_ch7_main_20240709170000_20240709173000.mp4,17:04:39,15.0,279.0,279.0,1800.27
658,ear,OK,None,N884A6_ch7_main_20240709170000_20240709173000.mp4,17:05:47,3.0,347.0,347.0,1800.27
659,ear,OK,None,N884A6_ch7_main_20240709170000_20240709173000.mp4,17:27:20,16.0,1640.0,1640.0,1800.27
660,ear,OK,None,N884A6_ch7_main_20240709170000_20240709173000.mp4,17:27:51,6.0,1671.0,1671.0,1800.27
661,ear,OK,None,N884A6_ch7_main_20240709170000_20240709173000.mp4,17:28:15,15.0,1695.0,1695.0,1800.27
662,ear,OK,None,N884A6_ch7_main_20240709170000_20240709173000.mp4,17:28:32,1.0,1712.0,1712.0,1800.27
663,ear,OK,None,N884A6_ch7_main_20240709170000_20240709173000.mp4,17:29:05,25.0,1745.0,1745.0,1800.27
664,ear,OK,None,N884A6_ch7_main_20240709170000_20240709173000.mp4,17:29:47,3.0,1787.0,1787.0,1800.27
665,ear,OK,None,N884A6_ch7_main_20240709170000_20240709173000.mp4,17:29:51,9.0,1791.0,1791.0,1800.27
666,ear,OK,None,N884A6_ch7_main_20240709173000_20240709180000.mp4,17:30:02,3.0,2.0,2.0,1799.2299999999998
667,ear,OK,None,N884A6_ch7_main_20240709173000_20240709180000.mp4,17:30:09,5.0,9.0,9.0,1799.2299999999998
668,tail,OK,None,N884A6_ch7_main_20240709173000_20240709180000.mp4,17:37:15,14.0,435.0,435.0,1799.2299999999998
669,ear,OK,None,N884A6_ch7_main_20240709173000_20240709180000.mp4,17:56:29,3.0,1589.0,1589.0,1799.2299999999998
670,ear,OK,None,N884A6_ch7_main_20240709173000_20240709180000.mp4,17:59:12,1.0,1752.0,1752.0,1799.2299999999998
671,ear,OK,None,N884A6_ch7_main_20240709173000_20240709180000.mp4,17:59:32,3.0,1772.0,1772.0,1799.2299999999998
672,ear,OK,None,N884A6_ch7_main_20240709173000_20240709180000.mp4,17:59:40,5.0,1780.0,1780.0,1799.2299999999998
673,ear,OK,None,N884A6_ch7_main_20240709173000_20240709180000.mp4,17:59:47,1.0,1787.0,1787.0,1799.2299999999998
674,ear,OK,None,N884A6_ch7_main_20240709173000_20240709180000.mp4,17:59:50,10.0,1790.0,1790.0,1799.2299999999998
675,tail,OK,None,N884A6_ch7_main_20240709220000_20240709223000.mp4,22:09:52,1.0,592.0,592.0,1800.27
676,tail,OK,None,N884A6_ch7_main_20240709220000_20240709223000.mp4,22:14:08,2.0,848.0,848.0,1800.27
677,tail,OK,None,N884A6_ch7_main_20240709220000_20240709223000.mp4,22:14:21,5.0,861.0,861.0,1800.27
678,ear,OK,None,N884A6_ch7_main_20240709220000_20240709223000.mp4,22:14:51,1.0,891.0,891.0,1800.27
679,ear,OK,None,N884A6_ch7_main_20240709220000_20240709223000.mp4,22:15:54,35.0,954.0,954.0,1800.27
680,ear,OK,None,N884A6_ch7_main_20240709220000_20240709223000.mp4,22:19:20,5.0,1160.0,1160.0,1800.27
681,ear,OK,None,N884A6_ch7_main_20240709220000_20240709223000.mp4,22:22:41,1.0,1361.0,1361.0,1800.27
682,ear,OK,None,N884A6_ch7_main_20240709220000_20240709223000.mp4,22:22:44,2.0,1364.0,1364.0,1800.27
683,ear,OK,None,N884A6_ch7_main_20240709220000_20240709223000.mp4,22:23:40,6.0,1420.0,1420.0,1800.27
684,ear,OK,None,N884A6_ch7_main_20240709223000_20240709230000.mp4,22:31:09,1.0,69.0,69.0,1799.3600000000001
685,ear,OK,None,N884A6_ch7_main_20240709223000_20240709230000.mp4,22:31:16,1.0,76.0,76.0,1799.3600000000001
686,ear,OK,None,N884A6_ch7_main_20240709223000_20240709230000.mp4,22:34:32,18.0,272.0,272.0,1799.3600000000001
687,ear,OK,None,N884A6_ch7_main_20240709223000_20240709230000.mp4,22:39:18,1.0,558.0,558.0,1799.3600000000001
688,ear,OK,None,N884A6_ch7_main_20240709223000_20240709230000.mp4,22:39:28,12.0,568.0,568.0,1799.3600000000001
689,ear,OK,None,N884A6_ch7_main_20240709223000_20240709230000.mp4,22:44:53,2.0,893.0,893.0,1799.3600000000001
690,ear,OK,None,N884A6_ch7_main_20240709223000_20240709230000.mp4,22:45:14,2.0,914.0,914.0,1799.3600000000001
691,ear,OK,None,N884A6_ch7_main_20240709223000_20240709230000.mp4,22:45:17,1.0,917.0,917.0,1799.3600000000001
692,ear,OK,None,N884A6_ch7_main_20240709223000_20240709230000.mp4,22:50:18,13.0,1218.0,1218.0,1799.3600000000001
693,ear,OK,None,N884A6_ch7_main_20240709223000_20240709230000.mp4,22:50:36,1.0,1236.0,1236.0,1799.3600000000001
694,tail,OK,None,N884A6_ch7_main_20240709223000_20240709230000.mp4,22:51:09,12.0,1269.0,1269.0,1799.3600000000001
695,tail,OK,None,N884A6_ch7_main_20240709223000_20240709230000.mp4,22:51:34,2.0,1294.0,1294.0,1799.3600000000001
696,ear,OK,None,N884A6_ch7_main_20240709223000_20240709230000.mp4,22:52:32,10.0,1352.0,1352.0,1799.3600000000001
697,ear,OK,None,N884A6_ch7_main_20240709223000_20240709230000.mp4,22:52:43,1.0,1363.0,1363.0,1799.3600000000001
698,ear,OK,None,N884A6_ch7_main_20240709223000_20240709230000.mp4,22:53:05,2.0,1385.0,1385.0,1799.3600000000001
699,ear,OK,None,N884A6_ch7_main_20240709223000_20240709230000.mp4,22:53:21,8.0,1401.0,1401.0,1799.3600000000001
700,ear,OK,None,N884A6_ch7_main_20240709223000_20240709230000.mp4,22:54:16,14.0,1456.0,1456.0,1799.3600000000001
701,ear,OK,None,N884A6_ch7_main_20240709223000_20240709230000.mp4,22:54:31,22.0,1471.0,1471.0,1799.3600000000001
702,tail,OK,None,N884A6_ch7_main_20240709223000_20240709230000.mp4,22:55:15,1.0,1515.0,1515.0,1799.3600000000001
703,ear,OK,None,N884A6_ch7_main_20240709223000_20240709230000.mp4,22:57:44,1.0,1664.0,1664.0,1799.3600000000001
704,ear,OK,None,N884A6_ch7_main_20240709223000_20240709230000.mp4,22:58:15,1.0,1695.0,1695.0,1799.3600000000001
705,ear,OK,None,N884A6_ch7_main_20240709223000_20240709230000.mp4,22:58:39,3.0,1719.0,1719.0,1799.3600000000001
706,ear,OK,None,N884A6_ch7_main_20240709233000_20240710000000.mp4,23:36:25,3.0,385.0,385.0,1800.73
707,ear,OK,None,N884A6_ch7_main_20240709233000_20240710000000.mp4,23:36:30,1.0,390.0,390.0,1800.73
708,ear,OK,None,N884A6_ch7_main_20240709233000_20240710000000.mp4,23:41:23,1.0,683.0,683.0,1800.73
709,ear,OK,None,N884A6_ch7_main_20240709233000_20240710000000.mp4,23:50:37,2.0,1237.0,1237.0,1800.73
710,ear,OK,None,N884A6_ch7_main_20240709233000_20240710000000.mp4,23:50:45,2.0,1245.0,1245.0,1800.73
711,ear,OK,None,N884A6_ch7_main_20240709233000_20240710000000.mp4,23:53:10,10.0,1390.0,1390.0,1800.73
712,ear,OK,None,N884A6_ch7_main_20240709233000_20240710000000.mp4,23:53:25,15.0,1405.0,1405.0,1800.73
713,ear,OK,None,N884A6_ch7_main_20240709233000_20240710000000.mp4,23:53:26,14.0,1406.0,1406.0,1800.73
714,ear,OK,None,N884A6_ch7_main_20240709233000_20240710000000.mp4,23:53:48,6.0,1428.0,1428.0,1800.73
715,ear,OK,None,N884A6_ch7_main_20240709233000_20240710000000.mp4,23:53:55,1.0,1435.0,1435.0,1800.73
716,ear,OK,None,N884A6_ch7_main_20240709233000_20240710000000.mp4,23:58:00,3.0,1680.0,1680.0,1800.73
717,ear,OK,None,N884A6_ch7_main_20240709233000_20240710000000.mp4,23:58:49,9.0,1729.0,1729.0,1800.73
718,ear,OK,None,N884A6_ch7_main_20240709233000_20240710000000.mp4,23:59:02,8.0,1742.0,1742.0,1800.73
719,ear,OK,None,N884A6_ch7_main_20240709233000_20240710000000.mp4,23:59:11,1.0,1751.0,1751.0,1800.73
720,ear,OK,None,N884A6_ch7_main_20240709233000_20240710000000.mp4,23:59:13,2.0,1753.0,1753.0,1800.73
721,ear,OK,None,N884A6_ch7_main_20240709233000_20240710000000.mp4,23:59:16,1.0,1756.0,1756.0,1800.73
722,ear,OK,None,N884A6_ch7_main_20240709233000_20240710000000.mp4,23:59:47,4.0,1787.0,1787.0,1800.73
890,ear,OK,None,N884A6_ch16_main_20240717060003_20240717063003.mp4,06:06:21,1.0,378.0,378.0,1800.26
891,tail,OK,None,N884A6_ch16_main_20240717060003_20240717063003.mp4,06:07:21,1.0,438.0,438.0,1800.26
892,ear,OK,None,N884A6_ch16_main_20240717060003_20240717063003.mp4,06:25:59,9.0,1556.0,1556.0,1800.26
893,ear,OK,None,N884A6_ch16_main_20240717060003_20240717063003.mp4,06:26:10,2.0,1567.0,1567.0,1800.26
894,ear,OK,None,N884A6_ch16_main_20240717060003_20240717063003.mp4,06:26:54,5.0,1611.0,1611.0,1800.26
895,ear,OK,None,N884A6_ch16_main_20240717063003_20240717070003.mp4,06:41:52,4.0,709.0,709.0,1799.56
896,ear,OK,None,N884A6_ch16_main_20240717070003_20240717073003.mp4,07:23:10,7.0,1387.0,1387.0,1800.7099999999998
897,ear,OK,None,N884A6_ch16_main_20240717070003_20240717073003.mp4,07:26:26,1.0,1583.0,1583.0,1800.7099999999998
898,ear,OK,None,N884A6_ch16_main_20240717070003_20240717073003.mp4,07:26:38,1.0,1595.0,1595.0,1800.7099999999998
899,ear,OK,None,N884A6_ch16_main_20240717070003_20240717073003.mp4,07:27:08,6.0,1625.0,1625.0,1800.7099999999998
900,ear,OK,None,N884A6_ch16_main_20240717073003_20240717080003.mp4,07:33:42,1.0,219.0,219.0,1800.35
901,ear,OK,None,N884A6_ch16_main_20240717073003_20240717080003.mp4,07:38:18,2.0,495.0,495.0,1800.35
902,ear,OK,None,N884A6_ch16_main_20240717073003_20240717080003.mp4,07:38:48,7.0,525.0,525.0,1800.35
903,ear,OK,None,N884A6_ch16_main_20240717073003_20240717080003.mp4,07:38:49,6.0,526.0,526.0,1800.35
904,ear,OK,None,N884A6_ch16_main_20240717073003_20240717080003.mp4,07:39:10,20.0,547.0,547.0,1800.35
905,ear,OK,None,N884A6_ch16_main_20240717073003_20240717080003.mp4,07:39:10,21.0,547.0,547.0,1800.35
906,other,OK,None,N884A6_ch16_main_20240717073003_20240717080003.mp4,07:41:04,4.0,661.0,661.0,1800.35
907,other,OK,None,N884A6_ch16_main_20240717073003_20240717080003.mp4,07:41:11,2.0,668.0,668.0,1800.35
908,ear,OK,None,N884A6_ch16_main_20240717073003_20240717080003.mp4,07:42:55,5.0,772.0,772.0,1800.35
909,ear,OK,None,N884A6_ch16_main_20240717073003_20240717080003.mp4,07:43:01,15.0,778.0,778.0,1800.35
910,ear,OK,None,N884A6_ch16_main_20240717073003_20240717080003.mp4,07:43:21,48.0,798.0,798.0,1800.35
911,ear,OK,None,N884A6_ch16_main_20240717073003_20240717080003.mp4,07:44:10,41.0,847.0,847.0,1800.35
912,ear,OK,None,N884A6_ch16_main_20240717073003_20240717080003.mp4,07:49:21,5.0,1158.0,1158.0,1800.35
913,ear,OK,None,N884A6_ch16_main_20240717080003_20240717083003.mp4,08:23:05,17.0,1382.0,1382.0,1800.36
914,ear,OK,None,N884A6_ch16_main_20240717080003_20240717083003.mp4,08:23:30,72.0,1407.0,1407.0,1800.36
915,ear,OK,None,N884A6_ch16_main_20240717090003_20240717093003.mp4,09:23:33,18.0,1410.0,1410.0,1800.75
916,ear,OK,None,N884A6_ch16_main_20240717090003_20240717093003.mp4,09:23:59,10.0,1436.0,1436.0,1800.75
917,ear,OK,None,N884A6_ch16_main_20240717090003_20240717093003.mp4,09:24:56,7.0,1493.0,1493.0,1800.75
918,tail,OK,None,N884A6_ch16_main_20240717100003_20240717103003.mp4,10:02:32,1.0,149.0,149.0,1800.6599999999999
919,tail,OK,None,N884A6_ch16_main_20240717100003_20240717103003.mp4,10:04:20,2.0,257.0,257.0,1800.6599999999999
920,tail,OK,None,N884A6_ch16_main_20240717100003_20240717103003.mp4,10:05:58,1.0,355.0,355.0,1800.6599999999999
921,ear,OK,None,N884A6_ch16_main_20240717100003_20240717103003.mp4,10:20:26,7.0,1223.0,1223.0,1800.6599999999999
922,ear,OK,None,N884A6_ch16_main_20240717100003_20240717103003.mp4,10:25:50,10.0,1547.0,1547.0,1800.6599999999999
923,ear,OK,None,N884A6_ch16_main_20240717103003_20240717110003.mp4,10:45:00,6.0,897.0,897.0,1800.31
924,ear,OK,None,N884A6_ch16_main_20240717103003_20240717110003.mp4,10:45:09,9.0,906.0,906.0,1800.31
925,ear,OK,None,N884A6_ch16_main_20240717103003_20240717110003.mp4,10:45:25,15.0,922.0,922.0,1800.31
926,ear,OK,None,N884A6_ch16_main_20240717110003_20240717113003.mp4,11:27:12,11.0,1629.0,1629.0,1799.3600000000001
927,ear,OK,None,N884A6_ch16_main_20240717110003_20240717113003.mp4,11:27:34,7.0,1651.0,1651.0,1799.3600000000001
928,ear,OK,None,N884A6_ch16_main_20240717110003_20240717113003.mp4,11:29:36,10.0,1773.0,1773.0,1799.3600000000001
929,ear,OK,None,N884A6_ch16_main_20240717113003_20240717120003.mp4,11:30:16,11.0,13.0,13.0,1800.36
930,ear,OK,None,N884A6_ch16_main_20240717113003_20240717120003.mp4,11:30:31,15.0,28.0,28.0,1800.36
931,ear,OK,None,N884A6_ch16_main_20240717113003_20240717120003.mp4,11:30:47,2.0,44.0,44.0,1800.36
932,ear,OK,None,N884A6_ch16_main_20240717113003_20240717120003.mp4,11:30:53,1.0,50.0,50.0,1800.36
933,ear,OK,None,N884A6_ch16_main_20240717113003_20240717120003.mp4,11:30:57,1.0,54.0,54.0,1800.36
934,ear,OK,None,N884A6_ch16_main_20240717113003_20240717120003.mp4,11:49:11,1.0,1148.0,1148.0,1800.36
935,ear,OK,None,N884A6_ch16_main_20240717113003_20240717120003.mp4,11:49:49,6.0,1186.0,1186.0,1800.36
936,ear,OK,None,N884A6_ch16_main_20240717113003_20240717120003.mp4,11:50:29,5.0,1226.0,1226.0,1800.36
937,ear,OK,None,N884A6_ch16_main_20240717113003_20240717120003.mp4,11:50:34,3.0,1231.0,1231.0,1800.36
938,ear,OK,None,N884A6_ch16_main_20240717120003_20240717123003.mp4,12:16:27,2.0,984.0,984.0,1800.11
939,ear,OK,None,N884A6_ch16_main_20240717120003_20240717123003.mp4,12:16:47,1.0,1004.0,1004.0,1800.11
940,ear,OK,None,N884A6_ch16_main_20240717120003_20240717123003.mp4,12:28:27,5.0,1704.0,1704.0,1800.11
941,ear,OK,None,N884A6_ch16_main_20240717120003_20240717123003.mp4,12:30:03,1.0,1800.0,1800.0,1800.11
942,ear,OK,None,N884A6_ch16_main_20240717123003_20240717130003.mp4,12:30:43,4.0,40.0,40.0,1800.3300000000002
943,ear,OK,None,N884A6_ch16_main_20240717123003_20240717130003.mp4,12:35:31,7.0,328.0,328.0,1800.3300000000002
944,ear,OK,None,N884A6_ch16_main_20240717123003_20240717130003.mp4,12:46:17,3.0,974.0,974.0,1800.3300000000002
945,ear,OK,None,N884A6_ch16_main_20240717123003_20240717130003.mp4,12:49:53,1.0,1190.0,1190.0,1800.3300000000002
946,ear,OK,None,N884A6_ch16_main_20240717123003_20240717130003.mp4,12:53:31,2.0,1408.0,1408.0,1800.3300000000002
947,ear,OK,None,N884A6_ch16_main_20240717123003_20240717130003.mp4,12:58:13,4.0,1690.0,1690.0,1800.3300000000002
948,ear,OK,None,N884A6_ch16_main_20240717123003_20240717130003.mp4,12:59:14,2.0,1751.0,1751.0,1800.3300000000002
949,ear,OK,None,N884A6_ch16_main_20240717130003_20240717133003.mp4,13:24:47,1.0,1484.0,1484.0,1800.03
950,ear,OK,None,N884A6_ch16_main_20240717133003_20240717140003.mp4,13:43:24,1.0,801.0,801.0,1800.26
951,ear,OK,None,N884A6_ch16_main_20240717133003_20240717140003.mp4,13:57:37,1.0,1654.0,1654.0,1800.26
952,ear,OK,None,N884A6_ch16_main_20240717140003_20240717143003.mp4,14:07:58,1.0,475.0,475.0,1800.31
953,ear,OK,None,N884A6_ch16_main_20240717143003_20240717150003.mp4,14:32:43,2.0,160.0,160.0,1800.26
954,ear,OK,None,N884A6_ch16_main_20240717143003_20240717150003.mp4,14:45:33,1.0,930.0,930.0,1800.26
955,ear,OK,None,N884A6_ch16_main_20240717160003_20240717163003.mp4,16:15:33,14.0,930.0,930.0,1800.67
956,ear,OK,None,N884A6_ch16_main_20240717160003_20240717163003.mp4,16:15:49,5.0,946.0,946.0,1800.67
957,ear,OK,None,N884A6_ch16_main_20240717160003_20240717163003.mp4,16:15:56,15.0,953.0,953.0,1800.67
958,ear,OK,None,N884A6_ch16_main_20240717160003_20240717163003.mp4,16:26:26,7.0,1583.0,1583.0,1800.67
959,ear,OK,None,N884A6_ch16_main_20240717163003_20240717170003.mp4,16:49:28,1.0,1165.0,1165.0,1800.16
1118,tail,OK,None,N884A6_ch16_main_20240805060004_20240805063003.mp4,06:12:00,3.0,716.0,716.0,1798.31
1119,tail,OK,None,N884A6_ch16_main_20240805060004_20240805063003.mp4,06:13:29,2.0,805.0,805.0,1798.31
1120,ear,OK,None,N884A6_ch16_main_20240805060004_20240805063003.mp4,06:15:49,4.0,945.0,945.0,1798.31
1121,ear,OK,None,N884A6_ch16_main_20240805060004_20240805063003.mp4,06:15:59,16.0,955.0,955.0,1798.31
1122,ear,OK,None,N884A6_ch16_main_20240805060004_20240805063003.mp4,06:16:18,4.0,974.0,974.0,1798.31
1123,ear,OK,None,N884A6_ch16_main_20240805063003_20240805070004.mp4,06:33:15,6.0,192.0,192.0,1801.36
1124,tail,OK,None,N884A6_ch16_main_20240805063003_20240805070004.mp4,06:34:37,2.0,274.0,274.0,1801.36
1125,ear,OK,None,N884A6_ch16_main_20240805063003_20240805070004.mp4,06:39:24,5.0,561.0,561.0,1801.36
1126,ear,OK,None,N884A6_ch16_main_20240805063003_20240805070004.mp4,06:43:31,1.0,808.0,808.0,1801.36
1127,ear,OK,None,N884A6_ch16_main_20240805063003_20240805070004.mp4,06:43:47,12.0,824.0,824.0,1801.36
1128,ear,OK,None,N884A6_ch16_main_20240805063003_20240805070004.mp4,06:45:59,3.0,956.0,956.0,1801.36
1129,ear,OK,None,N884A6_ch16_main_20240805063003_20240805070004.mp4,06:46:07,5.0,964.0,964.0,1801.36
1130,ear,OK,None,N884A6_ch16_main_20240805063003_20240805070004.mp4,06:46:20,5.0,977.0,977.0,1801.36
1131,ear,OK,None,N884A6_ch16_main_20240805063003_20240805070004.mp4,06:47:17,3.0,1034.0,1034.0,1801.36
1132,ear,OK,None,N884A6_ch16_main_20240805063003_20240805070004.mp4,06:48:38,1.0,1115.0,1115.0,1801.36
1133,tail,OK,None,N884A6_ch16_main_20240805063003_20240805070004.mp4,06:51:52,8.0,1309.0,1309.0,1801.36
1134,ear,OK,None,N884A6_ch16_main_20240805063003_20240805070004.mp4,06:52:03,1.0,1320.0,1320.0,1801.36
1135,ear,OK,None,N884A6_ch16_main_20240805063003_20240805070004.mp4,06:53:28,2.0,1405.0,1405.0,1801.36
1136,ear,OK,None,N884A6_ch16_main_20240805063003_20240805070004.mp4,06:53:31,1.0,1408.0,1408.0,1801.36
1137,ear,OK,None,N884A6_ch16_main_20240805070004_20240805073004.mp4,07:24:43,10.0,1479.0,1479.0,1800.45
1138,ear,OK,None,N884A6_ch16_main_20240805070004_20240805073004.mp4,07:25:40,14.0,1536.0,1536.0,1800.45
1139,ear,OK,None,N884A6_ch16_main_20240805070004_20240805073004.mp4,07:27:35,2.0,1651.0,1651.0,1800.45
1140,ear,OK,None,N884A6_ch16_main_20240805070004_20240805073004.mp4,07:28:03,5.0,1679.0,1679.0,1800.45
1141,ear,OK,None,N884A6_ch16_main_20240805070004_20240805073004.mp4,07:28:20,5.0,1696.0,1696.0,1800.45
1142,ear,OK,None,N884A6_ch16_main_20240805073004_20240805080003.mp4,07:39:08,3.0,544.0,544.0,1799.77
1143,ear,OK,None,N884A6_ch16_main_20240805073004_20240805080003.mp4,07:39:15,21.0,551.0,551.0,1799.77
1144,ear,OK,None,N884A6_ch16_main_20240805073004_20240805080003.mp4,07:39:49,6.0,585.0,585.0,1799.77
1145,ear,OK,None,N884A6_ch16_main_20240805080003_20240805083004.mp4,08:14:18,13.0,855.0,855.0,1800.51
1146,ear,OK,None,N884A6_ch16_main_20240805080003_20240805083004.mp4,08:14:39,8.0,876.0,876.0,1800.51
1147,ear,OK,None,N884A6_ch16_main_20240805080003_20240805083004.mp4,08:14:49,28.0,886.0,886.0,1800.51
1148,ear,OK,None,N884A6_ch16_main_20240805080003_20240805083004.mp4,08:15:23,19.0,920.0,920.0,1800.51
1149,ear,OK,None,N884A6_ch16_main_20240805080003_20240805083004.mp4,08:16:14,20.0,971.0,971.0,1800.51
1150,ear,OK,None,N884A6_ch16_main_20240805080003_20240805083004.mp4,08:16:49,4.0,1006.0,1006.0,1800.51
1151,ear,OK,None,N884A6_ch16_main_20240805080003_20240805083004.mp4,08:17:02,13.0,1019.0,1019.0,1800.51
1152,ear,OK,None,N884A6_ch16_main_20240805080003_20240805083004.mp4,08:17:19,22.0,1036.0,1036.0,1800.51
1153,tail,OK,None,N884A6_ch16_main_20240805080003_20240805083004.mp4,08:17:53,11.0,1070.0,1070.0,1800.51
1154,ear,OK,None,N884A6_ch16_main_20240805080003_20240805083004.mp4,08:22:32,23.0,1349.0,1349.0,1800.51
1155,ear,OK,None,N884A6_ch16_main_20240805080003_20240805083004.mp4,08:26:10,22.0,1567.0,1567.0,1800.51
1156,ear,OK,None,N884A6_ch16_main_20240805083004_20240805090004.mp4,08:33:23,15.0,199.0,199.0,1800.3
1157,ear,OK,None,N884A6_ch16_main_20240805083004_20240805090004.mp4,08:34:00,35.0,236.0,236.0,1800.3
1158,ear,OK,None,N884A6_ch16_main_20240805083004_20240805090004.mp4,08:40:10,37.0,606.0,606.0,1800.3
1159,ear,OK,None,N884A6_ch16_main_20240805083004_20240805090004.mp4,08:42:14,9.0,730.0,730.0,1800.3
1160,ear,OK,None,N884A6_ch16_main_20240805083004_20240805090004.mp4,08:43:15,2.0,791.0,791.0,1800.3
1161,ear,OK,None,N884A6_ch16_main_20240805083004_20240805090004.mp4,08:45:25,47.0,921.0,921.0,1800.3
1162,ear,OK,None,N884A6_ch16_main_20240805083004_20240805090004.mp4,08:47:57,272.0,1073.0,1073.0,1800.3
1163,ear,OK,None,N884A6_ch16_main_20240805083004_20240805090004.mp4,08:52:32,119.0,1348.0,1348.0,1800.3
1164,ear,OK,None,N884A6_ch16_main_20240805090004_20240805093003.mp4,09:02:03,19.0,119.0,119.0,1799.26
1165,ear,OK,None,N884A6_ch16_main_20240805090004_20240805093003.mp4,09:02:31,4.0,147.0,147.0,1799.26
1166,ear,OK,None,N884A6_ch16_main_20240805090004_20240805093003.mp4,09:07:11,41.0,427.0,427.0,1799.26
1167,ear,OK,None,N884A6_ch16_main_20240805090004_20240805093003.mp4,09:08:04,7.0,480.0,480.0,1799.26
1168,ear,OK,None,N884A6_ch16_main_20240805090004_20240805093003.mp4,09:08:40,18.0,516.0,516.0,1799.26
1169,ear,OK,None,N884A6_ch16_main_20240805090004_20240805093003.mp4,09:11:00,12.0,656.0,656.0,1799.26
1170,ear,OK,None,N884A6_ch16_main_20240805093003_20240805100003.mp4,09:34:48,1.0,285.0,285.0,1800.31
1171,ear,OK,None,N884A6_ch16_main_20240805093003_20240805100003.mp4,09:34:52,2.0,289.0,289.0,1800.31
1172,ear,OK,None,N884A6_ch16_main_20240805093003_20240805100003.mp4,09:37:36,1.0,453.0,453.0,1800.31
1173,ear,OK,None,N884A6_ch16_main_20240805093003_20240805100003.mp4,09:37:40,10.0,457.0,457.0,1800.31
1174,ear,OK,None,N884A6_ch16_main_20240805093003_20240805100003.mp4,09:46:05,7.0,962.0,962.0,1800.31
1175,ear,OK,None,N884A6_ch16_main_20240805093003_20240805100003.mp4,09:46:51,6.0,1008.0,1008.0,1800.31
1176,ear,OK,None,N884A6_ch16_main_20240805093003_20240805100003.mp4,09:48:07,4.0,1084.0,1084.0,1800.31
1177,ear,OK,None,N884A6_ch16_main_20240805093003_20240805100003.mp4,09:48:12,5.0,1089.0,1089.0,1800.31
1178,ear,OK,None,N884A6_ch16_main_20240805093003_20240805100003.mp4,09:48:19,1.0,1096.0,1096.0,1800.31
1179,ear,OK,None,N884A6_ch16_main_20240805093003_20240805100003.mp4,09:55:47,24.0,1544.0,1544.0,1800.31
1180,ear,OK,None,N884A6_ch16_main_20240805093003_20240805100003.mp4,09:56:24,21.0,1581.0,1581.0,1800.31
1181,ear,OK,None,N884A6_ch16_main_20240805093003_20240805100003.mp4,09:56:54,8.0,1611.0,1611.0,1800.31
1182,tail,OK,None,N884A6_ch16_main_20240805093003_20240805100003.mp4,09:56:55,1.0,1612.0,1612.0,1800.31
1183,ear,OK,None,N884A6_ch16_main_20240805093003_20240805100003.mp4,09:57:18,2.0,1635.0,1635.0,1800.31
1184,ear,OK,None,N884A6_ch16_main_20240805093003_20240805100003.mp4,09:58:52,14.0,1729.0,1729.0,1800.31
1185,ear,OK,None,N884A6_ch16_main_20240805093003_20240805100003.mp4,09:59:38,9.0,1775.0,1775.0,1800.31
1186,tail,OK,None,N884A6_ch16_main_20240805100003_20240805103003.mp4,10:00:11,6.0,8.0,8.0,1799.4099999999999
1187,ear,OK,None,N884A6_ch16_main_20240805100003_20240805103003.mp4,10:00:44,7.0,41.0,41.0,1799.4099999999999
1188,tail,OK,None,N884A6_ch16_main_20240805100003_20240805103003.mp4,10:01:54,7.0,111.0,111.0,1799.4099999999999
1189,ear,OK,None,N884A6_ch16_main_20240805100003_20240805103003.mp4,10:06:15,2.0,372.0,372.0,1799.4099999999999
1190,tail,OK,None,N884A6_ch16_main_20240805100003_20240805103003.mp4,10:07:27,2.0,444.0,444.0,1799.4099999999999
1191,tail,OK,None,N884A6_ch16_main_20240805100003_20240805103003.mp4,10:07:33,1.0,450.0,450.0,1799.4099999999999
1192,tail,OK,None,N884A6_ch16_main_20240805100003_20240805103003.mp4,10:11:24,3.0,681.0,681.0,1799.4099999999999
1193,ear,OK,None,N884A6_ch16_main_20240805100003_20240805103003.mp4,10:14:04,2.0,841.0,841.0,1799.4099999999999
1194,ear,OK,None,N884A6_ch16_main_20240805100003_20240805103003.mp4,10:14:19,4.0,856.0,856.0,1799.4099999999999
1195,ear,OK,None,N884A6_ch16_main_20240805100003_20240805103003.mp4,10:14:24,4.0,861.0,861.0,1799.4099999999999
1196,ear,OK,None,N884A6_ch16_main_20240805100003_20240805103003.mp4,10:16:48,4.0,1005.0,1005.0,1799.4099999999999
1197,tail,OK,None,N884A6_ch16_main_20240805100003_20240805103003.mp4,10:22:08,10.0,1325.0,1325.0,1799.4099999999999
1198,ear,OK,None,N884A6_ch16_main_20240805100003_20240805103003.mp4,10:23:12,26.0,1389.0,1389.0,1799.4099999999999
1199,tail,OK,None,N884A6_ch16_main_20240805100003_20240805103003.mp4,10:24:08,3.0,1445.0,1445.0,1799.4099999999999
1200,ear,OK,None,N884A6_ch16_main_20240805100003_20240805103003.mp4,10:26:06,1.0,1563.0,1563.0,1799.4099999999999
1201,ear,OK,None,N884A6_ch16_main_20240805103003_20240805110003.mp4,10:39:26,5.0,563.0,563.0,1800.76
1202,ear,OK,None,N884A6_ch16_main_20240805103003_20240805110003.mp4,10:39:32,4.0,569.0,569.0,1800.76
1203,ear,OK,None,N884A6_ch16_main_20240805103003_20240805110003.mp4,10:41:03,20.0,660.0,660.0,1800.76
1204,ear,OK,None,N884A6_ch16_main_20240805103003_20240805110003.mp4,10:41:45,12.0,702.0,702.0,1800.76
1205,ear,OK,None,N884A6_ch16_main_20240805103003_20240805110003.mp4,10:42:13,18.0,730.0,730.0,1800.76
1206,tail,OK,None,N884A6_ch16_main_20240805103003_20240805110003.mp4,10:43:04,16.0,781.0,781.0,1800.76
1207,ear,OK,None,N884A6_ch16_main_20240805103003_20240805110003.mp4,10:45:37,1.0,934.0,934.0,1800.76
1208,ear,OK,None,N884A6_ch16_main_20240805103003_20240805110003.mp4,10:50:00,3.0,1197.0,1197.0,1800.76
1209,ear,OK,None,N884A6_ch16_main_20240805103003_20240805110003.mp4,10:50:34,20.0,1231.0,1231.0,1800.76
1210,ear,OK,None,N884A6_ch16_main_20240805103003_20240805110003.mp4,10:55:10,2.0,1507.0,1507.0,1800.76
1211,ear,OK,None,N884A6_ch16_main_20240805110003_20240805113003.mp4,11:17:10,25.0,1027.0,1027.0,1800.26
1212,ear,OK,None,N884A6_ch16_main_20240805110003_20240805113003.mp4,11:17:42,3.0,1059.0,1059.0,1800.26
1213,ear,OK,None,N884A6_ch16_main_20240805113003_20240805120003.mp4,11:40:29,8.0,626.0,626.0,1800.26
1214,ear,OK,None,N884A6_ch16_main_20240805113003_20240805120003.mp4,11:41:10,15.0,667.0,667.0,1800.26
1215,tail,OK,None,N884A6_ch16_main_20240805113003_20240805120003.mp4,11:42:31,1.0,748.0,748.0,1800.26
1216,tail,OK,None,N884A6_ch16_main_20240805113003_20240805120003.mp4,11:54:43,1.0,1480.0,1480.0,1800.26
1217,tail,OK,None,N884A6_ch16_main_20240805113003_20240805120003.mp4,11:56:41,1.0,1598.0,1598.0,1800.26
1218,ear,OK,None,N884A6_ch16_main_20240805120003_20240805123003.mp4,12:00:16,2.0,13.0,13.0,1799.2099999999998
1219,ear,OK,None,N884A6_ch16_main_20240805120003_20240805123003.mp4,12:00:24,1.0,21.0,21.0,1799.2099999999998
1220,ear,OK,None,N884A6_ch16_main_20240805120003_20240805123003.mp4,12:00:58,2.0,55.0,55.0,1799.2099999999998
1221,ear,OK,None,N884A6_ch16_main_20240805120003_20240805123003.mp4,12:01:08,1.0,65.0,65.0,1799.2099999999998
1222,ear,OK,None,N884A6_ch16_main_20240805120003_20240805123003.mp4,12:01:14,1.0,71.0,71.0,1799.2099999999998
1223,ear,OK,None,N884A6_ch16_main_20240805120003_20240805123003.mp4,12:01:29,26.0,86.0,86.0,1799.2099999999998
1224,ear,OK,None,N884A6_ch16_main_20240805120003_20240805123003.mp4,12:02:04,3.0,121.0,121.0,1799.2099999999998
1225,tail,OK,None,N884A6_ch16_main_20240805120003_20240805123003.mp4,12:10:47,2.0,644.0,644.0,1799.2099999999998
1226,tail,OK,None,N884A6_ch16_main_20240805120003_20240805123003.mp4,12:22:41,14.0,1358.0,1358.0,1799.2099999999998
1227,ear,OK,None,N884A6_ch16_main_20240805120003_20240805123003.mp4,12:23:32,7.0,1409.0,1409.0,1799.2099999999998
1228,ear,OK,None,N884A6_ch16_main_20240805120003_20240805123003.mp4,12:24:05,1.0,1442.0,1442.0,1799.2099999999998
1229,ear,OK,None,N884A6_ch16_main_20240805120003_20240805123003.mp4,12:29:43,7.0,1780.0,1780.0,1799.2099999999998
1230,tail,OK,None,N884A6_ch16_main_20240805123003_20240805130003.mp4,12:32:09,7.0,126.0,126.0,1800.2
1231,ear,OK,None,N884A6_ch16_main_20240805123003_20240805130003.mp4,12:33:38,8.0,215.0,215.0,1800.2
1232,ear,OK,None,N884A6_ch16_main_20240805130003_20240805133003.mp4,13:13:11,1.0,788.0,788.0,1800.3
1233,ear,OK,None,N884A6_ch16_main_20240805130003_20240805133003.mp4,13:17:03,1.0,1020.0,1020.0,1800.3
1234,ear,OK,None,N884A6_ch16_main_20240805130003_20240805133003.mp4,13:17:57,1.0,1074.0,1074.0,1800.3
1235,tail,OK,None,N884A6_ch16_main_20240805130003_20240805133003.mp4,13:23:00,9.0,1377.0,1377.0,1800.3
1236,tail,OK,None,N884A6_ch16_main_20240805130003_20240805133003.mp4,13:23:13,23.0,1390.0,1390.0,1800.3
1237,ear,OK,None,N884A6_ch16_main_20240805130003_20240805133003.mp4,13:26:22,1.0,1579.0,1579.0,1800.3
1238,ear,OK,None,N884A6_ch16_main_20240805130003_20240805133003.mp4,13:27:40,2.0,1657.0,1657.0,1800.3
1239,ear,OK,None,N884A6_ch16_main_20240805130003_20240805133003.mp4,13:28:28,1.0,1705.0,1705.0,1800.3
1240,ear,OK,None,N884A6_ch16_main_20240805130003_20240805133003.mp4,13:28:33,1.0,1710.0,1710.0,1800.3
1241,ear,OK,None,N884A6_ch16_main_20240805150003_20240805153003.mp4,15:01:06,6.0,63.0,63.0,1800.23
1242,ear,OK,None,N884A6_ch16_main_20240805150003_20240805153003.mp4,15:02:37,27.0,154.0,154.0,1800.23
1243,ear,OK,None,N884A6_ch16_main_20240805150003_20240805153003.mp4,15:07:51,11.0,468.0,468.0,1800.23
1244,ear,OK,None,N884A6_ch16_main_20240805150003_20240805153003.mp4,15:17:14,4.0,1031.0,1031.0,1800.23
1245,ear,OK,None,N884A6_ch16_main_20240805150003_20240805153003.mp4,15:17:21,16.0,1038.0,1038.0,1800.23
1246,ear,OK,None,N884A6_ch16_main_20240805150003_20240805153003.mp4,15:17:41,6.0,1058.0,1058.0,1800.23
1247,ear,OK,None,N884A6_ch16_main_20240805150003_20240805153003.mp4,15:21:56,4.0,1313.0,1313.0,1800.23
1248,ear,OK,None,N884A6_ch16_main_20240805150003_20240805153003.mp4,15:21:59,1.0,1316.0,1316.0,1800.23
1249,ear,OK,None,N884A6_ch16_main_20240805150003_20240805153003.mp4,15:22:02,3.0,1319.0,1319.0,1800.23
1250,tail,OK,None,N884A6_ch16_main_20240805150003_20240805153003.mp4,15:22:03,1.0,1320.0,1320.0,1800.23
1251,ear,OK,None,N884A6_ch16_main_20240805150003_20240805153003.mp4,15:22:11,4.0,1328.0,1328.0,1800.23
1252,tail,OK,None,N884A6_ch16_main_20240805150003_20240805153003.mp4,15:24:16,4.0,1453.0,1453.0,1800.23
1253,tail,OK,None,N884A6_ch16_main_20240805150003_20240805153003.mp4,15:24:22,3.0,1459.0,1459.0,1800.23
1254,ear,OK,None,N884A6_ch16_main_20240805150003_20240805153003.mp4,15:24:41,4.0,1478.0,1478.0,1800.23
1255,ear,OK,None,N884A6_ch16_main_20240805150003_20240805153003.mp4,15:25:13,12.0,1510.0,1510.0,1800.23
1256,ear,OK,None,N884A6_ch16_main_20240805150003_20240805153003.mp4,15:26:42,1.0,1599.0,1599.0,1800.23
1257,ear,OK,None,N884A6_ch16_main_20240805150003_20240805153003.mp4,15:26:50,16.0,1607.0,1607.0,1800.23
1258,ear,OK,None,N884A6_ch16_main_20240805150003_20240805153003.mp4,15:28:22,1.0,1699.0,1699.0,1800.23
1259,ear,OK,None,N884A6_ch16_main_20240805150003_20240805153003.mp4,15:28:38,1.0,1715.0,1715.0,1800.23
1260,ear,OK,None,N884A6_ch16_main_20240805150003_20240805153003.mp4,15:28:56,3.0,1733.0,1733.0,1800.23
1261,ear,OK,None,N884A6_ch16_main_20240805153003_20240805160003.mp4,15:42:15,13.0,732.0,732.0,1800.21
1262,ear,OK,None,N884A6_ch16_main_20240805153003_20240805160003.mp4,15:43:59,11.0,836.0,836.0,1800.21
1263,ear,OK,None,N884A6_ch16_main_20240805153003_20240805160003.mp4,15:44:12,1.0,849.0,849.0,1800.21
1264,tail,OK,None,N884A6_ch16_main_20240805153003_20240805160003.mp4,15:44:56,1.0,893.0,893.0,1800.21
1265,ear,OK,None,N884A6_ch16_main_20240805153003_20240805160003.mp4,15:48:21,4.0,1098.0,1098.0,1800.21
1266,ear,OK,None,N884A6_ch16_main_20240805153003_20240805160003.mp4,15:48:29,13.0,1106.0,1106.0,1800.21
1267,ear,OK,None,N884A6_ch16_main_20240805153003_20240805160003.mp4,15:48:50,9.0,1127.0,1127.0,1800.21
1268,ear,OK,None,N884A6_ch16_main_20240805153003_20240805160003.mp4,15:49:53,9.0,1190.0,1190.0,1800.21
1269,ear,OK,None,N884A6_ch16_main_20240805160003_20240805163003.mp4,16:02:54,7.0,171.0,171.0,1800.58
1270,ear,OK,None,N884A6_ch16_main_20240805160003_20240805163003.mp4,16:03:02,12.0,179.0,179.0,1800.58
1271,ear,OK,None,N884A6_ch16_main_20240805160003_20240805163003.mp4,16:13:13,5.0,790.0,790.0,1800.58
1272,ear,OK,None,N884A6_ch16_main_20240805163003_20240805170003.mp4,16:32:30,1.0,147.0,147.0,1799.8
1273,ear,OK,None,N884A6_ch16_main_20240805163003_20240805170003.mp4,16:33:06,1.0,183.0,183.0,1799.8
1274,ear,OK,None,N884A6_ch16_main_20240805163003_20240805170003.mp4,16:33:26,9.0,203.0,203.0,1799.8
1275,ear,OK,None,N884A6_ch16_main_20240805163003_20240805170003.mp4,16:33:43,3.0,220.0,220.0,1799.8
1276,ear,OK,None,N884A6_ch16_main_20240805163003_20240805170003.mp4,16:33:54,1.0,231.0,231.0,1799.8
1277,ear,OK,None,N884A6_ch16_main_20240805163003_20240805170003.mp4,16:37:30,4.0,447.0,447.0,1799.8
1278,ear,OK,None,N884A6_ch16_main_20240805163003_20240805170003.mp4,16:37:45,1.0,462.0,462.0,1799.8
1279,ear,OK,None,N884A6_ch16_main_20240805163003_20240805170003.mp4,16:39:48,4.0,585.0,585.0,1799.8
1280,ear,OK,None,N884A6_ch16_main_20240805173003_20240805180003.mp4,17:39:22,1.0,559.0,559.0,1800.3400000000001
1281,ear,OK,None,N884A6_ch16_main_20240805173003_20240805180003.mp4,17:39:57,2.0,594.0,594.0,1800.3400000000001
1282,ear,OK,None,N884A6_ch16_main_20240805173003_20240805180003.mp4,17:40:08,6.0,605.0,605.0,1800.3400000000001
1283,ear,OK,None,N884A6_ch16_main_20240805173003_20240805180003.mp4,17:42:24,3.0,741.0,741.0,1800.3400000000001
1284,ear,OK,None,N884A6_ch16_main_20240805173003_20240805180003.mp4,17:43:25,5.0,802.0,802.0,1800.3400000000001
1285,ear,OK,None,N884A6_ch16_main_20240805173003_20240805180003.mp4,17:45:03,10.0,900.0,900.0,1800.3400000000001
1286,ear,OK,None,N884A6_ch16_main_20240805173003_20240805180003.mp4,17:46:55,8.0,1012.0,1012.0,1800.3400000000001
1287,ear,OK,None,N884A6_ch16_main_20240805173003_20240805180003.mp4,17:47:07,1.0,1024.0,1024.0,1800.3400000000001
1288,ear,OK,None,N884A6_ch16_main_20240805173003_20240805180003.mp4,17:47:52,9.0,1069.0,1069.0,1800.3400000000001
1289,ear,OK,None,N884A6_ch16_main_20240805173003_20240805180003.mp4,17:49:56,6.0,1193.0,1193.0,1800.3400000000001
1290,ear,OK,None,N884A6_ch16_main_20240805173003_20240805180003.mp4,17:54:25,7.0,1462.0,1462.0,1800.3400000000001
1291,ear,OK,None,N884A6_ch16_main_20240805173003_20240805180003.mp4,17:58:58,5.0,1735.0,1735.0,1800.3400000000001
1292,ear,OK,None,N884A6_ch16_main_20240805173003_20240805180003.mp4,17:59:38,4.0,1775.0,1775.0,1800.3400000000001
